VendorID,lpep_pickup_datetime,lpep_dropoff_datetime,store_and_fwd_flag,RatecodeID,PULocationID,DOLocationID,passenger_count,trip_distance,fare_amount,extra,mta_tax,tip_amount,tolls_amount,ehail_fee,improvement_surcharge,total_amount,payment_type,trip_type,congestion_surcharge
1,2020-01-01 16:51:01,2020-01-01 17:17:54,N,1,74,248,1,8.2,26.5,0.0,0.5,0.0,0.0,,0.3,27.3,5,1.0,0.0
1,2020-01-09 11:05:06,2020-01-09 11:13:29,N,5,20,20,1,0.5,8.0,0.0,0.0,0.0,0.0,,0.0,8.0,5,2.0,0.0
1,2020-01-12 03:21:43,2020-01-12 03:24:45,N,1,223,223,1,0.6,4.5,0.5,0.5,0.0,0.0,,0.3,5.8,5,1.0,0.0
1,2020-01-21 06:29:51,2020-01-21 06:51:32,N,1,80,45,1,4.1,17.0,2.75,0.5,0.0,0.0,,0.3,20.55,5,1.0,2.75
1,2020-01-23 17:10:54,2020-01-23 17:36:48,N,5,60,20,1,2.8,12.0,0.0,0.0,0.0,0.0,,0.0,12.0,5,2.0,0.0
1,2020-01-23 18:17:12,2020-01-23 18:34:27,N,5,60,212,1,3.4,12.0,0.0,0.0,0.0,0.0,,0.0,12.0,5,2.0,0.0
1,2020-01-24 14:37:58,2020-01-24 15:18:57,N,5,247,168,2,3.7,13.0,0.0,0.0,0.0,0.0,,0.0,13.0,5,2.0,0.0
1,2020-01-30 17:20:50,2020-01-30 17:22:07,N,1,179,179,1,0.1,3.0,3.75,0.5,0.0,0.0,,0.3,7.55,5,1.0,0.0
1,2020-01-30 22:34:24,2020-01-30 22:39:03,N,1,223,223,2,0.9,5.5,0.5,0.5,0.0,0.0,,0.3,6.8,5,1.0,0.0
1,2020-01-31 15:05:50,2020-01-31 15:26:20,N,1,74,238,1,2.8,14.5,0.0,0.5,0.0,0.0,,0.3,15.3,5,1.0,0.0
1,2020-03-05 15:38:53,2020-03-05 15:50:49,Y,1,80,37,1,1.4,9.0,0.0,0.5,0.0,0.0,,0.3,9.8,5,1.0,0.0
1,2020-03-06 13:36:54,2020-03-06 14:09:34,N,5,254,235,1,7.6,0.0,0.0,0.0,0.0,0.0,,0.0,0.0,5,2.0,0.0
1,2020-03-13 15:43:13,2020-03-13 16:48:05,N,5,220,75,1,13.3,20.0,0.0,0.0,0.0,0.0,,0.0,20.0,5,2.0,0.0
1,2020-03-14 11:24:46,2020-03-14 11:25:07,N,1,244,244,2,2.2,2.5,0.0,0.5,0.0,0.0,,0.3,3.3,5,1.0,0.0
1,2020-03-18 14:58:50,2020-03-18 15:17:59,N,1,97,89,1,3.6,14.5,0.0,0.5,0.0,0.0,,0.3,15.3,5,1.0,0.0
1,2019-08-01 06:49:23,2019-08-01 07:02:22,N,1,145,233,1,3.2,12.5,2.75,0.5,0.0,0.0,,0.3,16.05,5,1.0,2.75
1,2019-08-04 01:14:51,2019-08-04 01:16:43,N,1,41,75,1,0.4,3.5,0.5,0.5,0.0,0.0,,0.3,4.8,5,1.0,0.0
1,2019-08-06 13:00:09,2019-08-06 13:37:33,N,1,201,123,2,11.3,38.0,0.0,0.5,0.0,2.29,,0.3,41.09,5,1.0,0.0
1,2019-08-07 13:59:27,2019-08-07 14:30:41,N,1,225,35,2,4.1,21.5,0.0,0.5,0.0,0.0,,0.3,22.3,5,1.0,0.0
2,2019-08-08 23:34:39,2019-08-08 23:57:32,N,1,256,163,2,6.97,23.0,0.5,0.5,6.76,0.0,0.0,0.3,33.81,1,,2.75
2,2019-08-09 01:04:21,2019-08-09 01:07:04,N,1,256,80,3,0.53,4.0,0.5,0.5,0.0,0.0,0.0,0.3,5.3,2,,0.0
2,2019-08-09 01:13:01,2019-08-09 01:18:50,N,1,80,112,2,1.17,6.5,0.5,0.5,1.95,0.0,0.0,0.3,9.75,1,,0.0
1,2019-08-09 15:38:17,2019-08-09 15:52:10,N,1,82,82,1,1.8,10.5,0.0,0.5,0.0,0.0,,0.3,11.3,5,1.0,0.0
2,2019-08-09 15:44:07,2019-08-09 15:50:27,N,1,75,237,3,1.47,7.0,0.0,0.5,0.0,0.0,0.0,0.3,10.55,2,,2.75
2,2019-08-09 16:07:03,2019-08-09 16:11:51,N,1,75,74,2,0.7,5.0,1.0,0.5,1.36,0.0,0.0,0.3,8.16,1,,0.0
2,2019-08-09 16:22:17,2019-08-09 16:27:26,N,1,43,238,2,0.72,5.5,1.0,0.5,1.82,0.0,0.0,0.3,9.12,1,,0.0
2,2019-08-09 16:33:47,2019-08-09 16:42:41,N,1,75,74,2,1.32,8.0,1.0,0.5,1.0,0.0,0.0,0.3,10.8,1,,0.0
2,2019-08-09 17:20:49,2019-08-09 17:31:58,N,1,75,141,2,1.86,9.5,1.0,0.5,2.81,0.0,0.0,0.3,16.86,1,,2.75
2,2019-08-09 17:42:39,2019-08-09 17:47:18,N,1,75,75,2,0.66,5.0,1.0,0.5,1.7,0.0,0.0,0.3,8.5,1,,0.0
2,2019-08-09 17:57:06,2019-08-09 18:29:12,N,1,43,107,2,4.11,21.5,1.0,0.5,5.0,0.0,0.0,0.3,31.05,1,,2.75
2,2019-08-09 19:01:37,2019-08-09 19:04:40,N,1,43,43,2,0.72,4.5,1.0,0.5,1.26,0.0,0.0,0.3,7.56,1,,0.0
2,2019-08-09 20:00:07,2019-08-09 20:19:08,N,1,43,186,2,5.81,20.0,0.5,0.5,6.01,0.0,0.0,0.3,30.06,1,,2.75
2,2019-08-09 21:42:32,2019-08-09 22:09:54,N,1,255,234,2,4.52,20.0,0.5,0.5,4.81,0.0,0.0,0.3,28.86,1,,2.75
2,2019-08-09 22:39:51,2019-08-09 23:06:46,N,1,255,163,3,6.04,23.5,0.5,0.5,0.0,0.0,0.0,0.3,27.55,2,,2.75
2,2019-08-10 01:52:36,2019-08-10 02:09:47,N,1,255,234,2,4.31,15.5,0.5,0.5,2.35,0.0,0.0,0.3,21.9,1,,2.75
2,2019-08-10 02:40:07,2019-08-10 02:52:45,N,1,256,79,2,3.23,13.0,0.5,0.5,4.26,0.0,0.0,0.3,21.31,1,,2.75
2,2019-08-10 03:24:39,2019-08-10 03:40:30,N,1,112,37,2,3.77,14.0,0.5,0.5,3.06,0.0,0.0,0.3,18.36,1,,0.0
1,2019-08-10 09:15:48,2019-08-10 09:48:43,N,1,25,170,1,6.4,27.0,2.75,0.5,0.0,0.0,,0.3,30.55,5,1.0,2.75
2,2019-08-10 19:33:44,2019-08-10 20:01:58,N,1,112,166,1,7.25,25.5,0.0,0.5,7.26,0.0,0.0,0.3,36.31,1,,2.75
2,2019-08-10 20:20:41,2019-08-10 20:25:01,N,1,75,236,1,0.9,5.5,0.5,0.5,1.91,0.0,0.0,0.3,11.46,1,,2.75
2,2019-08-10 21:06:24,2019-08-10 21:23:21,N,1,112,189,2,4.49,16.0,0.5,0.5,3.46,0.0,1.95,0.3,22.71,1,,0.0
2,2019-08-10 21:49:31,2019-08-10 22:18:03,N,1,255,164,2,5.66,23.0,0.5,0.5,0.0,0.0,0.0,0.3,27.05,2,,2.75
2,2019-08-10 23:11:40,2019-08-10 23:18:07,N,1,255,217,2,1.33,6.5,0.5,0.5,1.0,0.0,0.0,0.3,8.8,1,,0.0
2,2019-08-11 00:26:36,2019-08-11 00:41:29,N,1,255,148,1,3.05,13.0,0.5,0.5,3.41,0.0,0.0,0.3,20.46,1,,2.75
2,2019-08-11 01:29:46,2019-08-11 01:35:21,N,1,112,255,2,1.11,6.0,0.5,0.5,1.1,0.0,0.0,0.3,8.4,1,,0.0
2,2019-08-11 01:58:03,2019-08-11 02:03:48,N,1,36,37,2,1.27,6.5,0.5,0.5,1.95,0.0,0.0,0.3,9.75,1,,0.0
2,2019-08-11 02:43:18,2019-08-11 02:49:52,N,1,256,148,2,2.1,8.5,0.5,0.5,0.0,0.0,0.0,0.3,12.55,2,,2.75
1,2019-08-12 11:28:04,2019-08-12 11:51:09,N,1,247,3,2,9.0,27.5,0.0,0.5,0.0,0.0,,0.3,28.3,5,1.0,0.0
2,2019-08-12 14:26:41,2019-08-12 14:43:09,N,1,43,233,3,4.2,15.5,0.0,0.5,0.0,0.0,0.0,0.3,19.05,2,,2.75
2,2019-08-12 15:07:12,2019-08-12 15:22:16,N,1,75,162,3,2.47,11.5,0.0,0.5,0.0,0.0,0.0,0.3,15.05,2,,2.75
2,2019-08-12 15:42:26,2019-08-12 15:52:12,N,1,43,237,2,1.67,8.5,0.0,0.5,2.41,0.0,0.0,0.3,14.46,1,,2.75
2,2019-08-12 16:29:33,2019-08-12 16:33:49,N,1,75,74,2,1.24,6.0,1.0,0.5,0.0,0.0,0.0,0.3,7.8,1,,0.0
2,2019-08-12 17:03:32,2019-08-12 17:10:40,N,1,43,238,2,1.33,7.0,1.0,0.5,2.31,0.0,0.0,0.3,13.86,1,,2.75
2,2019-08-12 17:44:13,2019-08-12 17:50:46,N,1,43,238,2,1.15,6.5,1.0,0.5,1.66,0.0,0.0,0.3,9.96,1,,0.0
2,2019-08-12 18:09:35,2019-08-12 18:33:37,N,1,75,112,2,5.54,21.0,1.0,0.5,2.0,0.0,0.0,0.3,27.55,1,,2.75
2,2019-08-14 14:39:25,2019-08-14 14:45:25,N,1,74,41,2,0.88,6.0,0.0,0.5,0.0,0.0,0.0,0.3,6.8,2,,0.0
2,2019-08-14 15:12:14,2019-08-14 15:37:05,N,1,43,48,2,3.74,18.5,0.0,0.5,4.41,0.0,0.0,0.3,26.46,1,,2.75
2,2019-08-14 16:18:11,2019-08-14 16:19:40,N,1,75,43,2,0.51,3.5,1.0,0.5,0.0,0.0,0.0,0.3,8.05,2,,2.75
2,2019-08-14 16:44:24,2019-08-14 16:48:44,N,1,43,236,2,1.13,5.5,1.0,0.5,2.01,0.0,0.0,0.3,12.06,1,,2.75
2,2019-08-14 17:10:34,2019-08-14 17:17:34,N,1,43,262,3,1.49,7.0,1.0,0.5,2.31,0.0,0.0,0.3,13.86,1,,2.75
2,2019-08-14 17:46:40,2019-08-14 17:51:54,N,1,75,24,2,1.09,6.0,1.0,0.5,1.0,0.0,0.0,0.3,8.8,1,,0.0
2,2019-08-14 18:41:19,2019-08-14 18:45:41,N,1,75,74,2,1.22,5.5,1.0,0.5,0.0,0.0,0.0,0.3,7.3,2,,0.0
2,2019-08-14 19:04:55,2019-08-14 19:19:41,N,1,75,140,3,2.34,12.0,1.0,0.5,4.14,0.0,0.0,0.3,20.69,1,,2.75
2,2019-08-14 21:10:05,2019-08-14 21:24:11,N,1,255,225,2,3.35,13.0,0.5,0.5,0.0,0.0,0.0,0.3,14.3,1,,0.0
2,2019-08-14 22:27:44,2019-08-14 22:30:59,N,1,112,112,2,0.78,4.5,0.5,0.5,0.0,0.0,0.0,0.3,5.8,2,,0.0
2,2019-08-14 22:52:56,2019-08-14 23:14:44,N,1,112,102,1,4.73,18.0,0.5,0.5,0.0,0.0,0.0,0.3,19.3,2,,0.0
2,2019-08-14 23:37:02,2019-08-14 23:42:17,N,1,255,112,2,1.07,6.0,0.5,0.5,1.46,0.0,0.0,0.3,8.76,1,,0.0
2,2019-08-15 00:21:25,2019-08-15 00:36:51,N,1,255,225,2,2.12,11.5,0.5,0.5,2.56,0.0,0.0,0.3,15.36,1,,0.0
2,2019-08-15 00:47:14,2019-08-15 01:01:19,N,1,80,231,2,3.75,14.0,0.5,0.5,1.0,0.0,0.0,0.3,19.05,1,,2.75
2,2019-08-15 16:37:57,2019-08-15 16:47:46,N,1,75,24,2,1.73,8.5,1.0,0.5,1.5,0.0,0.0,0.3,11.8,1,,0.0
2,2019-08-15 16:51:22,2019-08-15 17:00:10,N,1,24,41,2,1.09,7.5,1.0,0.5,0.0,0.0,0.0,0.3,9.3,2,,0.0
2,2019-08-15 17:10:31,2019-08-15 17:34:59,N,1,43,186,1,5.93,22.0,1.0,0.5,5.31,0.0,0.0,0.3,31.86,1,,2.75
2,2019-08-15 19:17:09,2019-08-15 19:25:31,N,1,43,263,2,1.17,7.0,1.0,0.5,2.31,0.0,0.0,0.3,13.86,1,,2.75
2,2019-08-15 20:58:32,2019-08-15 21:05:54,N,1,255,80,2,1.17,7.0,0.5,0.5,1.66,0.0,0.0,0.3,9.96,1,,0.0
2,2019-08-15 21:19:33,2019-08-15 21:22:27,N,1,255,255,2,0.38,4.0,0.5,0.5,0.0,0.0,0.0,0.3,5.3,2,,0.0
2,2019-08-15 21:26:00,2019-08-15 21:48:24,N,1,112,227,2,9.52,28.5,0.5,0.5,0.0,0.0,0.0,0.3,29.8,2,,0.0
2,2019-08-15 22:27:37,2019-08-15 22:43:09,N,1,255,79,2,3.69,14.5,0.5,0.5,3.71,0.0,0.0,0.3,22.26,1,,2.75
2,2019-08-15 23:35:27,2019-08-15 23:53:59,N,1,256,226,2,3.8,15.5,0.5,0.5,0.0,0.0,0.0,0.3,16.8,2,,0.0
2,2019-08-16 00:08:53,2019-08-16 00:24:08,N,1,112,225,2,3.28,13.5,0.5,0.5,0.0,0.0,0.0,0.3,14.8,2,,0.0
2,2019-08-16 01:31:42,2019-08-16 01:48:04,N,1,255,189,2,3.83,14.5,0.5,0.5,3.16,0.0,0.0,0.3,18.96,1,,0.0
1,2019-08-16 14:21:35,2019-08-16 14:29:36,N,1,49,65,1,1.3,7.0,0.0,0.5,0.0,0.0,,0.3,7.8,5,1.0,0.0
2,2019-08-16 16:31:34,2019-08-16 16:42:02,N,1,43,237,2,1.75,9.0,1.0,0.5,2.71,0.0,0.0,0.3,16.26,1,,2.75
2,2019-08-16 16:58:42,2019-08-16 17:05:36,N,1,75,41,2,1.56,7.0,1.0,0.5,1.76,0.0,0.0,0.3,10.56,1,,0.0
2,2019-08-16 17:34:04,2019-08-16 17:42:56,N,1,75,151,2,1.49,8.0,1.0,0.5,1.96,0.0,0.0,0.3,11.76,1,,0.0
2,2019-08-16 19:39:33,2019-08-16 19:52:19,N,1,112,37,2,1.82,10.0,1.0,0.5,2.36,0.0,0.0,0.3,14.16,1,,0.0
2,2019-08-16 20:47:05,2019-08-16 20:54:46,N,1,255,80,3,1.03,6.5,0.5,0.5,1.56,0.0,0.0,0.3,9.36,1,,0.0
2,2019-08-16 21:05:12,2019-08-16 21:15:43,N,1,255,17,1,2.24,9.5,0.5,0.5,2.16,0.0,0.0,0.3,12.96,1,,0.0
2,2019-08-17 19:25:27,2019-08-17 19:41:13,N,1,112,7,2,3.03,13.5,0.0,0.5,0.0,0.0,0.0,0.3,14.3,2,,0.0
2,2019-08-17 20:08:21,2019-08-17 20:14:17,N,1,112,255,2,1.05,6.0,0.5,0.5,1.46,0.0,0.0,0.3,8.76,1,,0.0
2,2019-08-17 20:38:35,2019-08-17 20:47:15,N,1,112,256,2,1.42,7.5,0.5,0.5,0.0,0.0,0.0,0.3,8.8,2,,0.0
2,2019-08-17 20:58:50,2019-08-17 21:02:35,N,1,112,112,2,0.68,4.5,0.5,0.5,0.0,0.0,0.0,0.3,5.8,2,,0.0
2,2019-08-17 21:18:48,2019-08-17 21:28:27,N,1,255,80,2,1.63,8.5,0.5,0.5,1.0,0.0,0.0,0.3,10.8,1,,0.0
2,2019-08-17 21:41:18,2019-08-17 22:09:22,N,1,255,143,2,6.32,23.5,0.5,0.5,5.51,0.0,0.0,0.3,33.06,1,,2.75
2,2019-08-17 23:24:00,2019-08-17 23:41:09,N,1,112,7,2,3.77,15.0,0.5,0.5,3.26,0.0,0.0,0.3,19.56,1,,0.0
2,2019-08-18 00:07:25,2019-08-18 00:10:43,N,1,112,255,2,0.76,4.5,0.5,0.5,0.0,0.0,0.0,0.3,5.8,2,,0.0
2,2019-08-18 00:37:43,2019-08-18 00:54:36,N,1,255,61,3,3.62,14.0,0.5,0.5,3.06,0.0,0.0,0.3,18.36,1,,0.0
2,2019-08-18 01:10:34,2019-08-18 01:25:14,N,1,256,107,2,3.34,13.5,0.5,0.5,4.39,0.0,0.0,0.3,21.94,1,,2.75
2,2019-08-18 02:22:03,2019-08-18 02:31:56,N,1,255,198,2,3.11,11.5,0.5,0.5,0.0,0.0,0.0,0.3,12.8,2,,0.0
2,2019-08-18 18:10:15,2019-08-18 18:14:23,N,1,255,255,2,0.62,4.5,0.0,0.5,1.06,0.0,0.0,0.3,6.36,1,,0.0
2,2019-08-18 18:23:23,2019-08-18 18:25:16,N,1,112,112,2,0.45,3.5,0.0,0.5,0.0,0.0,0.0,0.3,4.3,2,,0.0
2,2019-08-18 18:54:12,2019-08-18 19:20:15,N,1,80,43,2,5.59,21.0,0.0,0.5,6.14,0.0,0.0,0.3,30.69,1,,2.75
2,2019-08-18 20:06:20,2019-08-18 20:18:06,N,1,255,148,2,2.77,11.5,0.5,0.5,3.89,0.0,0.0,0.3,19.44,1,,2.75
2,2019-08-18 20:30:43,2019-08-18 20:35:10,N,1,255,112,2,0.82,5.0,0.5,0.5,1.58,0.0,0.0,0.3,7.88,1,,0.0
2,2019-08-18 20:40:57,2019-08-18 20:43:46,N,1,255,255,3,0.3,3.5,0.5,0.5,1.0,0.0,0.0,0.3,5.8,1,,0.0
2,2019-08-18 22:51:57,2019-08-18 22:54:13,N,1,255,256,2,0.43,3.5,0.5,0.5,0.0,0.0,0.0,0.3,4.8,2,,0.0
1,2019-08-25 20:54:12,2019-08-25 20:58:18,N,1,66,66,1,0.2,4.5,0.5,0.5,0.0,0.0,,0.3,5.8,5,1.0,0.0
1,2019-08-29 14:12:20,2019-08-29 14:29:34,Y,1,254,208,1,5.0,18.0,0.0,0.5,0.0,0.0,,0.3,18.8,5,1.0,0.0
1,2019-08-31 20:36:50,2019-08-31 20:37:03,N,1,119,119,1,7.1,2.5,0.5,0.5,0.0,0.0,,0.3,3.8,5,1.0,0.0
1,2020-11-01 14:36:04,2020-11-01 14:55:33,N,1,244,75,1,4.8,17.5,0.0,0.5,0.0,0.0,,0.3,18.3,5,1.0,0.0
1,2020-11-06 18:21:52,2020-11-06 18:22:22,N,1,75,75,1,0.1,2.5,1.0,0.5,0.0,0.0,,0.3,4.3,5,1.0,0.0
1,2020-11-23 07:40:33,2020-11-23 08:02:59,N,1,14,29,1,6.4,22.5,0.0,0.5,0.0,0.0,,0.3,23.3,5,1.0,0.0
1,2020-08-18 15:32:52,2020-08-18 15:33:22,N,1,42,42,1,1.6,2.5,0.0,0.5,0.0,0.0,,0.3,3.3,5,1.0,0.0
1,2020-08-29 12:58:00,2020-08-29 13:04:32,N,1,41,42,1,1.0,6.5,0.0,0.5,0.0,0.0,,0.3,7.3,5,1.0,0.0
1,2019-06-01 10:55:49,2019-06-01 11:16:59,N,1,55,227,1,7.0,22.5,0.0,0.5,0.0,0.0,,0.3,23.3,5,1.0,0.0
1,2019-06-01 20:30:40,2019-06-01 21:15:49,N,1,86,145,1,19.6,54.5,0.5,0.5,0.0,0.0,,0.3,55.8,5,1.0,0.0
1,2019-06-03 15:43:53,2019-06-03 16:06:56,N,1,65,106,1,2.3,15.0,0.0,0.5,0.0,0.0,,0.3,15.8,5,1.0,0.0
1,2019-06-03 18:21:34,2019-06-03 18:41:11,N,5,102,83,1,3.2,0.0,0.0,0.0,0.0,0.0,,0.0,0.0,5,2.0,0.0
1,2019-06-04 13:07:13,2019-06-04 15:40:06,Y,1,134,134,2,18.4,102.0,2.75,0.5,0.0,6.12,,0.3,111.67,5,1.0,2.75
1,2019-06-10 14:10:37,2019-06-10 14:54:45,N,1,181,80,1,7.1,30.0,0.0,0.5,0.0,0.0,,0.3,30.8,5,1.0,0.0
1,2019-06-10 17:57:28,2019-06-10 17:57:32,N,1,155,155,1,4.5,23.5,1.0,0.5,0.0,0.0,,0.3,25.3,5,1.0,0.0
1,2019-06-13 11:09:36,2019-06-13 11:26:25,N,1,18,242,1,3.0,13.5,0.0,0.5,0.0,0.0,,0.3,14.3,5,1.0,0.0
1,2019-06-13 20:48:38,2019-06-13 20:49:45,N,1,93,93,1,0.3,3.0,0.5,0.5,0.0,0.0,,0.3,4.3,5,1.0,0.0
1,2019-06-14 15:55:20,2019-06-14 16:19:02,N,1,242,81,1,2.7,15.5,1.0,0.5,0.0,0.0,,0.3,17.3,5,1.0,0.0
1,2019-06-25 16:52:07,2019-06-25 18:03:39,N,1,226,149,1,15.1,51.5,1.0,0.5,0.0,0.0,,0.3,53.3,5,1.0,0.0
1,2019-06-27 17:56:45,2019-06-27 18:12:32,N,1,243,247,1,1.9,11.5,1.0,0.5,0.0,0.0,,0.3,13.3,5,1.0,0.0
1,2019-04-01 11:08:51,2019-04-01 11:27:25,N,1,242,254,1,4.9,17.5,0.0,0.5,0.0,0.0,,0.3,18.3,5,1.0,0.0
1,2019-04-02 06:03:59,2019-04-02 06:18:19,N,1,82,173,1,2.3,12.0,0.0,0.5,0.0,0.0,,0.3,12.8,5,1.0,0.0
1,2019-04-04 09:24:07,2019-04-04 09:45:23,N,5,159,47,1,3.0,15.0,0.0,0.0,0.0,0.0,,0.0,15.0,5,2.0,0.0
1,2019-04-04 13:01:11,2019-04-04 13:01:23,N,1,43,43,1,0.5,2.5,0.0,0.5,0.0,0.0,,0.3,3.3,5,1.0,0.0
1,2019-04-08 13:23:48,2019-04-08 14:00:00,N,5,174,127,1,4.0,12.0,0.0,0.0,0.0,0.0,,0.0,12.0,5,2.0,0.0
1,2019-04-08 16:24:39,2019-04-08 16:54:48,N,1,174,213,1,6.2,24.0,1.0,0.5,0.0,0.0,,0.3,25.8,5,1.0,0.0
1,2019-04-10 14:44:00,2019-04-10 16:05:25,N,1,43,226,1,11.6,54.5,0.0,0.5,0.0,6.12,,0.3,61.42,5,1.0,0.0
1,2019-04-11 06:43:18,2019-04-11 06:58:39,N,1,116,230,1,5.7,18.5,2.75,0.5,0.0,0.0,,0.3,22.05,5,1.0,2.75
1,2019-04-12 09:10:53,2019-04-12 09:41:24,N,1,243,242,2,9.0,29.5,0.0,0.5,0.0,0.0,,0.3,30.3,5,1.0,0.0
1,2019-04-14 10:28:30,2019-04-14 10:39:24,N,1,200,174,1,3.5,12.5,0.0,0.5,0.0,0.0,,0.3,13.3,5,1.0,0.0
1,2019-04-17 00:02:29,2019-04-17 00:43:29,Y,1,256,243,2,14.7,44.5,3.25,0.5,0.0,0.0,,0.3,48.55,5,1.0,2.75
1,2019-04-17 12:41:26,2019-04-17 13:09:51,N,5,174,69,1,4.6,13.0,0.0,0.0,0.0,0.0,,0.0,13.0,5,2.0,0.0
1,2019-04-18 17:12:34,2019-04-18 17:13:03,N,5,169,94,1,0.2,0.0,0.0,0.0,0.0,0.0,,0.0,0.0,5,2.0,0.0
1,2019-04-18 18:41:25,2019-04-18 18:41:48,N,1,166,166,1,5.8,2.5,1.0,0.5,0.0,0.0,,0.3,4.3,5,1.0,0.0
1,2019-04-23 10:59:40,2019-04-23 11:35:49,N,5,168,185,1,7.8,15.0,0.0,0.0,0.0,0.0,,0.0,15.0,5,2.0,0.0
1,2019-04-26 19:15:08,2019-04-26 19:15:27,N,1,75,75,1,7.0,2.5,1.0,0.5,0.0,0.0,,0.3,4.3,5,1.0,0.0
1,2019-04-27 03:45:34,2019-04-27 03:52:29,N,1,129,56,1,1.8,8.0,0.5,0.5,0.0,0.0,,0.3,9.3,5,1.0,0.0
1,2019-05-01 16:23:54,2019-05-01 16:25:41,N,1,260,260,1,1.5,3.0,1.0,0.5,0.0,0.0,,0.3,4.8,5,1.0,0.0
1,2019-05-03 18:23:41,2019-05-03 19:09:46,N,1,174,41,1,8.7,35.0,1.0,0.5,0.0,0.0,,0.3,36.8,5,1.0,0.0
1,2019-05-04 17:19:57,2019-05-04 17:26:58,N,1,7,7,2,0.9,6.5,0.0,0.5,0.0,0.0,,0.3,7.3,5,1.0,0.0
1,2019-05-06 18:40:13,2019-05-06 18:40:20,N,1,132,132,1,14.9,56.0,1.0,0.5,0.0,0.0,,0.3,57.8,5,1.0,0.0
1,2019-05-10 13:00:30,2019-05-10 13:01:12,N,5,78,78,1,0.1,0.0,0.0,0.0,0.0,0.0,,0.0,0.0,5,2.0,0.0
1,2019-05-14 06:01:19,2019-05-14 06:39:18,N,1,225,197,1,11.4,38.5,0.0,0.5,0.0,0.0,,0.3,39.3,5,1.0,0.0
1,2019-05-15 12:35:50,2019-05-15 12:59:39,N,5,74,244,1,3.6,15.0,0.0,0.0,0.0,0.0,,0.0,15.0,5,2.0,0.0
1,2019-05-15 13:32:02,2019-05-15 13:46:02,N,5,244,42,1,3.0,15.0,0.0,0.0,0.0,0.0,,0.0,15.0,5,2.0,0.0
1,2019-05-16 18:32:37,2019-05-16 18:41:07,N,1,236,43,1,1.3,8.0,3.75,0.5,0.0,0.0,,0.3,12.55,5,1.0,2.75
1,2019-05-17 16:32:34,2019-05-17 17:02:49,N,1,166,42,1,2.6,18.5,1.0,0.5,0.0,0.0,,0.3,20.3,5,1.0,0.0
1,2019-05-19 11:26:52,2019-05-19 11:32:08,N,1,7,7,1,0.8,5.5,0.0,0.5,0.0,0.0,,0.3,6.3,5,1.0,0.0
1,2019-05-20 15:19:08,2019-05-20 15:31:51,N,1,243,200,2,4.8,15.5,0.0,0.5,0.0,2.8,,0.3,19.1,5,1.0,0.0
1,2019-05-22 06:08:15,2019-05-22 06:09:28,N,1,247,247,1,0.1,3.0,2.75,0.5,0.0,0.0,,0.3,6.55,5,1.0,0.0
1,2019-05-23 09:54:49,2019-05-23 10:41:59,N,1,76,33,1,9.3,35.5,0.0,0.5,0.0,0.0,,0.3,36.3,5,1.0,0.0
1,2019-05-26 03:14:21,2019-05-26 03:18:22,N,1,129,129,1,0.1,4.5,0.5,0.5,0.0,0.0,,0.3,5.8,5,1.0,0.0
1,2019-05-30 11:33:20,2019-05-30 11:34:58,N,1,260,260,1,0.1,3.0,0.0,0.5,0.0,0.0,,0.3,3.8,5,1.0,0.0
1,2020-06-21 20:05:12,2020-06-21 20:36:01,N,1,145,228,1,11.7,37.0,0.5,0.5,0.0,0.0,,0.3,38.3,5,1.0,0.0
1,2019-09-04 13:59:02,2019-09-04 14:07:40,N,1,181,49,1,1.0,7.0,0.0,0.5,0.0,0.0,,0.3,7.8,5,1.0,0.0
1,2019-09-09 15:29:31,2019-09-09 15:58:11,N,1,244,238,1,4.6,20.5,2.75,0.5,0.0,0.0,,0.3,24.05,5,1.0,2.75
1,2019-09-10 23:12:46,2019-09-10 23:19:32,N,1,223,7,1,1.1,6.5,0.5,0.5,0.0,0.0,,0.3,7.8,5,1.0,0.0
1,2019-09-11 13:25:50,2019-09-11 13:39:38,N,1,174,94,1,2.0,11.0,0.0,0.5,0.0,0.0,,0.3,11.8,5,1.0,0.0
1,2019-09-12 15:30:47,2019-09-12 15:38:39,N,1,212,212,1,1.2,7.0,0.0,0.5,0.0,0.0,,0.3,7.8,5,1.0,0.0
1,2019-09-16 04:16:19,2019-09-16 04:33:05,N,1,80,209,1,5.0,17.5,3.25,0.5,0.0,0.0,,0.3,21.55,5,1.0,2.75
1,2019-09-17 08:25:38,2019-09-17 08:37:02,N,1,235,47,1,1.6,9.0,0.0,0.5,0.0,0.0,,0.3,9.8,5,1.0,0.0
1,2019-09-21 21:13:02,2019-09-21 21:22:43,N,1,42,74,1,1.5,8.0,0.5,0.5,0.0,0.0,,0.3,9.3,5,1.0,0.0
1,2019-09-25 18:07:28,2019-09-25 18:09:04,N,1,75,75,1,0.1,3.0,1.0,0.5,0.0,0.0,,0.3,4.8,5,1.0,0.0
1,2019-07-01 14:33:59,2019-07-01 14:54:39,N,1,244,159,2,3.2,15.0,0.0,0.5,0.0,0.0,,0.3,15.8,5,1.0,0.0
2,2019-07-01 16:01:53,2019-07-01 16:38:48,N,1,43,186,2,4.43,24.0,1.0,0.5,0.0,0.0,0.0,0.3,28.55,2,,2.75
2,2019-07-01 17:17:38,2019-07-01 17:25:55,N,1,75,41,2,1.49,7.5,1.0,0.5,1.86,0.0,0.0,0.3,11.16,1,,0.0
2,2019-07-01 17:53:02,2019-07-01 17:59:44,N,1,43,75,2,0.67,6.0,1.0,0.5,0.0,0.0,0.0,0.3,7.8,2,,0.0
2,2019-07-01 18:21:55,2019-07-01 18:34:00,N,1,43,142,2,2.23,10.5,1.0,0.5,1.5,0.0,0.0,0.3,16.55,1,,2.75
2,2019-07-01 18:49:50,2019-07-01 18:54:35,N,1,75,74,2,1.48,6.5,1.0,0.5,1.66,0.0,0.0,0.3,9.96,1,,0.0
2,2019-07-01 19:10:29,2019-07-01 19:17:02,N,1,75,262,2,1.06,6.5,1.0,0.5,0.0,0.0,0.0,0.3,11.05,2,,2.75
2,2019-07-01 20:36:10,2019-07-01 20:48:16,N,1,112,144,2,3.79,14.0,0.5,0.5,3.61,0.0,0.0,0.3,21.66,1,,2.75
2,2019-07-01 23:25:03,2019-07-01 23:29:03,N,1,255,112,2,0.78,5.0,0.5,0.5,1.26,0.0,0.0,0.3,7.56,1,,0.0
2,2019-07-01 23:36:05,2019-07-01 23:51:05,N,1,112,225,2,4.42,15.5,0.5,0.5,0.0,0.0,0.0,0.3,16.8,2,,0.0
2,2019-07-03 14:57:10,2019-07-03 15:06:11,N,1,75,74,2,1.33,8.0,0.0,0.5,1.76,0.0,0.0,0.3,10.56,1,,0.0
2,2019-07-03 15:20:36,2019-07-03 15:32:32,N,1,75,75,2,0.98,9.0,0.0,0.5,1.96,0.0,0.0,0.3,11.76,1,,0.0
2,2019-07-03 16:13:41,2019-07-03 16:33:16,N,1,43,233,1,3.11,15.0,1.0,0.5,3.91,0.0,0.0,0.3,23.46,1,,2.75
2,2019-07-03 17:05:46,2019-07-03 17:26:22,N,1,75,74,2,1.31,13.0,1.0,0.5,2.96,0.0,0.0,0.3,17.76,1,,0.0
2,2019-07-03 18:04:37,2019-07-03 18:21:21,N,1,43,142,2,3.12,13.5,1.0,0.5,0.0,0.0,0.0,0.3,18.05,2,,2.75
2,2019-07-03 21:49:54,2019-07-03 22:09:41,N,1,255,37,1,2.58,13.5,0.5,0.5,0.0,0.0,0.0,0.3,14.8,2,,0.0
2,2019-07-03 22:19:44,2019-07-03 22:23:42,N,1,80,255,2,0.56,4.5,0.5,0.5,0.0,0.0,0.0,0.3,5.8,2,,0.0
2,2019-07-03 22:46:22,2019-07-03 22:48:27,N,1,112,145,2,0.79,4.5,0.5,0.5,0.0,0.0,0.0,0.3,5.8,2,,0.0
2,2019-07-03 23:59:21,2019-07-04 00:17:02,N,1,255,37,2,2.93,12.5,0.5,0.5,2.76,0.0,0.0,0.3,16.56,1,,0.0
2,2019-07-05 01:39:31,2019-07-05 01:48:49,N,1,112,49,2,3.23,11.5,0.5,0.5,0.0,0.0,0.0,0.3,12.8,2,,0.0
2,2019-07-05 01:58:01,2019-07-05 02:18:39,N,1,255,75,2,7.37,23.0,0.5,0.5,5.41,0.0,0.0,0.3,32.46,1,,2.75
2,2019-07-05 16:14:23,2019-07-05 16:30:31,N,1,74,263,2,2.71,13.0,1.0,0.5,3.51,0.0,0.0,0.3,21.06,1,,2.75
2,2019-07-05 16:47:04,2019-07-05 16:59:01,N,1,43,48,2,2.95,11.5,1.0,0.5,2.41,0.0,0.0,0.3,18.46,1,,2.75
2,2019-07-05 17:58:34,2019-07-05 18:05:10,N,1,43,151,2,1.37,7.0,1.0,0.5,1.76,0.0,0.0,0.3,10.56,1,,0.0
2,2019-07-05 18:37:32,2019-07-05 18:42:18,N,1,75,74,2,1.4,6.0,1.0,0.5,1.95,0.0,0.0,0.3,9.75,1,,0.0
2,2019-07-05 20:09:49,2019-07-05 20:18:05,N,1,256,112,2,1.44,7.5,0.5,0.5,1.76,0.0,0.0,0.3,10.56,1,,0.0
2,2019-07-05 21:21:05,2019-07-05 21:46:49,N,1,112,67,2,10.66,31.5,0.5,0.5,0.0,0.0,0.0,0.3,32.8,2,,0.0
2,2019-07-05 23:40:53,2019-07-06 00:01:59,N,1,112,61,2,6.76,21.0,0.5,0.5,0.0,0.0,0.0,0.3,22.3,2,,0.0
2,2019-07-06 02:20:38,2019-07-06 02:38:26,N,1,112,95,2,6.79,22.5,0.5,0.5,4.76,0.0,0.0,0.3,28.56,1,,0.0
1,2019-07-06 03:41:33,2019-07-06 03:47:56,N,1,129,82,1,0.4,5.5,0.5,0.5,0.0,0.0,,0.3,6.8,5,1.0,0.0
2,2019-07-06 20:13:44,2019-07-06 20:19:58,N,1,112,226,2,1.52,7.0,0.5,0.5,1.66,0.0,0.0,0.3,9.96,1,,0.0
2,2019-07-06 20:57:05,2019-07-06 21:03:10,N,1,112,80,1,1.23,6.5,0.5,0.5,1.95,0.0,0.0,0.3,9.75,1,,0.0
2,2019-07-06 21:12:29,2019-07-06 21:17:07,N,1,255,255,2,0.75,5.0,0.5,0.5,0.0,0.0,0.0,0.3,6.3,2,,0.0
2,2019-07-06 22:20:41,2019-07-06 22:32:16,N,1,112,256,2,3.8,13.0,0.5,0.5,3.58,0.0,0.0,0.3,17.88,1,,0.0
2,2019-07-06 22:51:04,2019-07-06 22:59:52,N,1,112,7,2,2.84,10.0,0.5,0.5,0.0,0.0,0.0,0.3,11.3,2,,0.0
2,2019-07-06 23:02:18,2019-07-06 23:08:58,N,1,7,223,2,1.4,7.0,0.5,0.5,1.66,0.0,0.0,0.3,9.96,1,,0.0
2,2019-07-06 23:25:44,2019-07-06 23:36:20,N,1,145,179,2,2.55,10.5,0.5,0.5,2.0,0.0,0.0,0.3,13.8,1,,0.0
2,2019-07-07 00:00:03,2019-07-07 00:15:33,N,1,112,25,2,5.05,17.5,0.5,0.5,0.0,0.0,0.0,0.3,18.8,2,,0.0
2,2019-07-07 02:03:10,2019-07-07 02:15:11,N,1,112,144,2,4.49,15.0,0.5,0.5,0.0,0.0,0.0,0.3,19.05,2,,2.75
2,2019-07-07 02:31:11,2019-07-07 02:34:13,N,1,112,112,2,0.67,4.5,0.5,0.5,0.0,0.0,0.0,0.3,5.8,2,,0.0
2,2019-07-07 02:37:40,2019-07-07 02:48:33,N,1,112,7,2,3.06,11.5,0.5,0.5,3.84,0.0,0.0,0.3,16.64,1,,0.0
2,2019-07-07 03:48:17,2019-07-07 03:53:28,N,1,255,65,2,2.63,9.0,0.5,0.5,2.06,0.0,0.0,0.3,12.36,1,,0.0
2,2019-07-07 04:19:43,2019-07-07 04:29:35,N,1,255,79,2,2.85,11.0,0.5,0.5,3.01,0.0,0.0,0.3,18.06,1,,2.75
2,2019-07-07 19:46:18,2019-07-07 19:56:32,N,1,112,256,2,1.55,8.5,0.0,0.5,1.86,0.0,0.0,0.3,11.16,1,,0.0
2,2019-07-08 14:05:42,2019-07-08 14:08:29,N,1,75,43,2,0.41,4.0,0.0,0.5,1.51,0.0,0.0,0.3,9.06,1,,2.75
2,2019-07-08 14:41:21,2019-07-08 14:44:58,N,1,43,236,2,0.5,4.5,0.0,0.5,0.0,0.0,0.0,0.3,5.3,2,,0.0
2,2019-07-08 15:08:03,2019-07-08 15:14:42,N,1,43,236,2,1.17,6.0,0.0,0.5,1.43,0.0,0.0,0.3,10.98,1,,2.75
2,2019-07-08 15:40:39,2019-07-08 15:53:12,N,1,43,236,2,1.37,9.5,0.0,0.5,0.0,0.0,0.0,0.3,13.05,2,,2.75
1,2019-07-08 15:25:31,2019-07-08 16:13:01,N,5,3,247,2,7.4,20.0,0.0,0.0,0.0,0.0,,0.0,20.0,5,2.0,0.0
2,2019-07-08 16:13:38,2019-07-08 16:47:05,N,1,43,87,2,8.36,29.0,1.0,0.5,0.0,0.0,0.0,0.3,33.55,2,,2.75
2,2019-07-08 17:22:16,2019-07-08 17:24:23,N,1,75,75,2,0.53,4.0,1.0,0.5,0.0,0.0,0.0,0.3,5.8,1,,0.0
2,2019-07-08 17:48:06,2019-07-08 18:10:47,N,1,43,233,2,3.21,16.0,1.0,0.5,4.11,0.0,0.0,0.3,24.66,1,,2.75
2,2019-07-08 18:42:58,2019-07-08 18:47:51,N,1,75,74,2,1.23,5.5,1.0,0.5,0.0,0.0,0.0,0.3,7.3,2,,0.0
2,2019-07-08 19:04:44,2019-07-08 19:10:48,N,1,75,74,2,1.53,7.0,1.0,0.5,2.2,0.0,0.0,0.3,11.0,1,,0.0
2,2019-07-08 19:32:38,2019-07-08 19:39:28,N,1,43,262,2,1.12,6.5,1.0,0.5,3.32,0.0,0.0,0.3,14.37,1,,2.75
2,2019-07-08 20:02:18,2019-07-08 20:08:53,N,1,260,226,1,1.1,6.5,0.5,0.5,1.56,0.0,0.0,0.3,9.36,1,,0.0
2,2019-07-09 14:42:13,2019-07-09 14:48:54,N,1,75,263,1,0.57,6.0,0.0,0.5,0.0,0.0,0.0,0.3,6.8,2,,0.0
2,2019-07-09 14:58:55,2019-07-09 15:26:46,N,1,75,48,2,3.84,19.5,0.0,0.5,0.0,0.0,0.0,0.3,23.05,2,,2.75
2,2019-07-09 16:20:42,2019-07-09 16:27:41,N,1,75,74,2,1.4,7.0,1.0,0.5,1.76,0.0,0.0,0.3,10.56,1,,0.0
2,2019-07-09 16:31:00,2019-07-09 16:50:25,N,1,74,239,2,2.88,14.0,1.0,0.5,2.97,0.0,0.0,0.3,21.52,1,,2.75
2,2019-07-09 17:31:25,2019-07-09 18:06:59,N,1,43,217,2,9.06,31.5,1.0,0.5,0.0,0.0,0.0,0.3,36.05,2,,2.75
2,2019-07-09 18:39:15,2019-07-09 18:46:49,N,1,112,255,2,1.3,7.0,1.0,0.5,0.0,0.0,0.0,0.3,8.8,2,,0.0
2,2019-07-09 19:55:14,2019-07-09 20:13:35,N,1,43,107,3,5.53,19.5,1.0,0.5,2.0,0.0,0.0,0.3,26.05,1,,2.75
2,2019-07-10 16:39:00,2019-07-10 16:43:38,N,1,75,236,2,0.71,5.0,1.0,0.5,1.0,0.0,0.0,0.3,10.55,1,,2.75
2,2019-07-10 16:56:16,2019-07-10 17:01:48,N,1,75,74,1,1.34,6.5,1.0,0.5,1.66,0.0,0.0,0.3,9.96,1,,0.0
2,2019-07-10 17:17:36,2019-07-10 17:25:04,N,1,75,263,2,1.05,7.0,1.0,0.5,2.31,0.0,0.0,0.3,13.86,1,,2.75
2,2019-07-10 17:45:02,2019-07-10 17:51:52,N,1,75,263,2,1.16,6.5,1.0,0.5,2.21,0.0,0.0,0.3,13.26,1,,2.75
2,2019-07-10 18:19:55,2019-07-10 18:24:13,N,1,75,43,2,0.8,5.0,1.0,0.5,0.96,0.0,0.0,0.3,10.51,1,,2.75
2,2019-07-10 18:38:46,2019-07-10 18:55:34,N,1,75,116,2,3.14,13.5,1.0,0.5,0.0,0.0,0.0,0.3,15.3,2,,0.0
1,2019-07-10 20:23:23,2019-07-10 20:31:47,N,1,83,260,1,1.0,7.5,0.5,0.5,0.0,0.0,,0.3,8.8,5,1.0,0.0
2,2019-07-10 21:03:23,2019-07-10 21:12:52,N,1,112,146,2,2.38,10.0,0.5,0.5,2.26,0.0,0.0,0.3,13.56,1,,0.0
2,2019-07-10 22:54:09,2019-07-10 23:06:23,N,1,112,232,2,3.91,13.5,0.5,0.5,4.39,0.0,0.0,0.3,21.94,1,,2.75
2,2019-07-10 23:29:31,2019-07-10 23:46:42,N,1,112,113,2,4.89,17.5,0.5,0.5,0.0,0.0,0.0,0.3,21.55,2,,2.75
2,2019-07-11 01:24:35,2019-07-11 01:34:12,N,1,112,80,2,2.18,9.5,0.5,0.5,0.0,0.0,0.0,0.3,10.8,2,,0.0
1,2019-07-11 16:31:40,2019-07-11 17:12:40,N,5,75,220,2,8.4,25.0,0.0,0.0,0.0,2.8,,0.0,27.8,5,2.0,0.0
2,2019-07-11 20:20:54,2019-07-11 20:25:04,N,1,255,255,1,0.71,4.5,0.5,0.5,1.0,0.0,0.0,0.3,6.8,1,,0.0
2,2019-07-11 20:41:51,2019-07-11 21:13:48,N,1,255,163,2,6.21,24.5,0.5,0.5,0.0,0.0,0.0,0.3,28.55,2,,2.75
2,2019-07-11 21:29:23,2019-07-11 21:56:56,N,1,145,95,2,5.46,21.5,0.5,0.5,2.0,0.0,0.0,0.3,24.8,1,,0.0
2,2019-07-11 22:31:26,2019-07-11 22:38:59,N,1,226,7,2,1.64,7.5,0.5,0.5,2.0,0.0,0.0,0.3,10.8,1,,0.0
2,2019-07-11 23:13:08,2019-07-11 23:22:03,N,1,112,255,3,1.5,8.0,0.5,0.5,0.0,0.0,0.0,0.3,9.3,2,,0.0
2,2019-07-11 23:35:38,2019-07-11 23:56:51,N,1,255,236,2,5.95,20.5,0.5,0.5,4.91,0.0,0.0,0.3,29.46,1,,2.75
2,2019-07-12 01:34:24,2019-07-12 01:47:01,N,1,256,25,2,4.14,14.5,0.5,0.5,0.0,0.0,0.0,0.3,15.8,2,,0.0
2,2019-07-12 02:05:33,2019-07-12 02:10:42,N,1,255,112,2,1.01,5.5,0.5,0.5,1.0,0.0,0.0,0.3,7.8,1,,0.0
2,2019-07-12 15:51:25,2019-07-12 15:57:04,N,1,75,74,2,0.91,6.0,0.0,0.5,1.22,0.0,0.0,0.3,8.02,1,,0.0
2,2019-07-12 16:42:32,2019-07-12 16:49:28,N,1,43,151,2,1.59,7.0,1.0,0.5,0.0,0.0,0.0,0.3,8.8,2,,0.0
2,2019-07-12 17:56:40,2019-07-12 18:09:01,N,1,43,239,2,2.22,10.5,1.0,0.5,3.01,0.0,0.0,0.3,18.06,1,,2.75
2,2019-07-12 18:40:31,2019-07-12 18:52:59,N,1,75,74,2,1.52,9.5,1.0,0.5,2.26,0.0,0.0,0.3,13.56,1,,0.0
2,2019-07-12 18:58:38,2019-07-12 19:31:01,N,1,75,249,2,7.36,27.0,1.0,0.5,0.0,0.0,0.0,0.3,31.55,2,,2.75
2,2019-07-12 21:36:19,2019-07-12 22:07:05,N,1,255,198,2,4.47,21.0,0.5,0.5,0.0,0.0,0.0,0.3,22.3,2,,0.0
2,2019-07-13 00:21:30,2019-07-13 00:34:27,N,1,112,160,2,3.88,13.0,0.5,0.5,0.0,0.0,0.0,0.3,14.3,2,,0.0
2,2019-07-13 01:20:30,2019-07-13 01:38:46,N,1,256,227,2,9.24,27.0,0.5,0.5,7.08,0.0,0.0,0.3,35.38,1,,0.0
2,2019-07-13 01:57:21,2019-07-13 02:14:34,N,1,256,67,2,9.66,28.0,0.5,0.5,0.0,0.0,0.0,0.3,29.3,2,,0.0
2,2019-07-13 18:55:11,2019-07-13 19:06:54,N,1,236,233,2,3.92,14.0,0.0,0.5,2.5,0.0,0.0,0.3,20.05,1,,2.75
2,2019-07-13 19:31:38,2019-07-13 19:53:56,N,1,112,49,3,3.77,16.5,0.0,0.5,3.46,0.0,0.0,0.3,20.76,1,,0.0
2,2019-07-13 21:09:39,2019-07-13 21:15:22,N,1,112,255,2,1.2,6.0,0.5,0.5,0.0,0.0,0.0,0.3,7.3,2,,0.0
2,2019-07-13 21:23:22,2019-07-13 21:34:30,N,1,255,145,3,2.37,10.5,0.5,0.5,0.0,0.0,0.0,0.3,11.8,2,,0.0
2,2019-07-13 22:05:14,2019-07-13 22:20:23,N,1,112,33,3,4.95,16.0,0.5,0.5,1.7,0.0,0.0,0.3,19.0,1,,0.0
2,2019-07-13 22:42:37,2019-07-13 22:59:10,N,1,256,36,2,2.84,12.5,0.5,0.5,0.0,0.0,0.0,0.3,13.8,2,,0.0
2,2019-07-13 23:15:43,2019-07-13 23:33:31,N,1,80,40,2,4.67,16.5,0.5,0.5,3.56,0.0,0.0,0.3,21.36,1,,0.0
2,2019-07-13 23:47:28,2019-07-13 23:59:39,N,1,49,225,2,2.26,10.5,0.5,0.5,2.36,0.0,0.0,0.3,14.16,1,,0.0
2,2019-07-14 00:36:30,2019-07-14 01:08:10,N,1,112,127,2,12.51,38.0,0.5,0.5,10.51,0.0,0.0,0.3,52.56,1,,2.75
2,2019-07-14 03:02:39,2019-07-14 03:06:36,N,1,112,255,2,0.89,5.0,0.5,0.5,1.26,0.0,0.0,0.3,7.56,1,,0.0
2,2019-07-14 03:08:11,2019-07-14 03:18:22,N,1,255,40,2,5.7,17.0,0.5,0.5,3.66,0.0,0.0,0.3,21.96,1,,0.0
2,2019-07-14 16:33:12,2019-07-14 16:36:40,N,1,43,74,2,0.99,5.0,0.0,0.5,1.45,0.0,0.0,0.3,7.25,1,,0.0
2,2019-07-14 16:38:30,2019-07-14 16:45:36,N,1,74,236,3,1.97,8.0,0.0,0.5,2.31,0.0,0.0,0.3,13.86,1,,2.75
2,2019-07-14 16:54:44,2019-07-14 16:57:41,N,1,75,75,2,0.73,4.5,0.0,0.5,1.06,0.0,0.0,0.3,6.36,1,,0.0
2,2019-07-14 16:59:36,2019-07-14 17:03:49,N,1,75,262,2,1.0,5.5,0.0,0.5,1.81,0.0,0.0,0.3,10.86,1,,2.75
2,2019-07-14 17:12:27,2019-07-14 17:31:32,N,1,75,137,2,4.56,18.0,0.0,0.5,4.31,0.0,0.0,0.3,25.86,1,,2.75
2,2019-07-15 00:30:48,2019-07-15 00:46:12,N,1,255,13,2,6.04,19.0,0.5,0.5,0.0,0.0,0.0,0.3,23.05,2,,2.75
2,2019-07-15 01:02:03,2019-07-15 01:09:48,N,1,256,144,2,2.54,10.0,0.5,0.5,1.5,0.0,0.0,0.3,15.55,1,,2.75
2,2019-07-15 15:46:36,2019-07-15 15:55:17,N,1,75,237,2,1.73,8.5,0.0,0.5,1.0,0.0,0.0,0.3,13.05,1,,2.75
2,2019-07-15 16:24:46,2019-07-15 16:38:11,N,1,43,237,2,2.15,10.5,1.0,0.5,0.0,0.0,0.0,0.3,15.05,2,,2.75
2,2019-07-15 16:50:44,2019-07-15 17:01:26,N,1,75,151,2,1.72,9.0,1.0,0.5,2.16,0.0,0.0,0.3,12.96,1,,0.0
2,2019-07-15 17:18:06,2019-07-15 17:39:32,N,1,43,233,2,4.06,17.5,1.0,0.5,5.51,0.0,0.0,0.3,27.56,1,,2.75
2,2019-07-15 18:13:56,2019-07-15 18:30:34,N,1,43,161,2,2.33,12.5,1.0,0.5,2.56,0.0,0.0,0.3,19.61,1,,2.75
2,2019-07-15 18:53:59,2019-07-15 19:05:05,N,1,43,262,3,1.9,9.5,1.0,0.5,2.81,0.0,0.0,0.3,16.86,1,,2.75
2,2019-07-15 20:28:31,2019-07-15 20:33:20,N,1,255,256,2,0.81,5.0,0.5,0.5,1.26,0.0,0.0,0.3,7.56,1,,0.0
2,2019-07-15 20:47:55,2019-07-15 20:56:45,N,1,112,256,2,1.6,8.0,0.5,0.5,1.86,0.0,0.0,0.3,11.16,1,,0.0
2,2019-07-15 21:48:09,2019-07-15 21:58:03,N,1,112,162,3,2.94,11.0,0.5,0.5,4.16,5.76,0.0,0.3,24.97,1,,2.75
2,2019-07-15 23:40:36,2019-07-15 23:48:36,N,1,112,37,2,1.8,8.0,0.5,0.5,0.0,0.0,0.0,0.3,9.3,2,,0.0
2,2019-07-15 23:56:32,2019-07-15 23:57:32,N,1,80,256,2,0.29,3.0,0.5,0.5,1.29,0.0,0.0,0.3,5.59,1,,0.0
2,2019-07-16 00:41:22,2019-07-16 00:44:50,N,1,112,112,1,0.72,5.0,0.5,0.5,0.0,0.0,0.0,0.3,6.3,2,,0.0
2,2019-07-16 15:12:41,2019-07-16 15:18:50,N,1,75,74,1,1.35,7.0,0.0,0.5,1.56,0.0,0.0,0.3,9.36,1,,0.0
2,2019-07-16 15:46:48,2019-07-16 15:50:25,N,1,75,151,1,0.86,5.0,0.0,0.5,1.2,0.0,0.0,0.3,7.0,1,,0.0
2,2019-07-16 16:27:34,2019-07-16 17:00:34,N,1,43,186,2,4.49,22.0,1.0,0.5,4.0,0.0,0.0,0.3,30.55,1,,2.75
2,2019-07-16 17:55:50,2019-07-16 18:02:48,N,1,75,24,3,1.16,7.0,1.0,0.5,4.0,0.0,0.0,0.3,12.8,1,,0.0
2,2019-07-16 18:37:54,2019-07-16 18:43:12,N,1,43,238,3,1.27,6.5,1.0,0.5,1.1,0.0,0.0,0.3,12.15,1,,2.75
2,2019-07-16 19:06:30,2019-07-16 19:14:42,N,1,43,263,3,1.57,7.5,1.0,0.5,1.0,0.0,0.0,0.3,13.05,1,,2.75
2,2019-07-17 15:12:47,2019-07-17 15:19:50,N,1,75,75,2,0.66,6.0,0.0,0.5,0.0,0.0,0.0,0.3,6.8,1,,0.0
2,2019-07-17 15:21:51,2019-07-17 15:27:02,N,1,75,262,3,0.97,5.5,0.0,0.5,2.0,0.0,0.0,0.3,11.05,1,,2.75
2,2019-07-17 15:45:40,2019-07-17 15:54:16,N,1,43,142,2,2.07,8.5,0.0,0.5,2.41,0.0,0.0,0.3,14.46,1,,2.75
2,2019-07-17 16:29:45,2019-07-17 16:42:19,N,1,75,143,2,2.62,11.0,1.0,0.5,1.75,0.0,0.0,0.3,17.3,1,,2.75
2,2019-07-17 17:09:38,2019-07-17 17:28:01,N,1,43,48,2,4.56,17.5,1.0,0.5,4.41,0.0,0.0,0.3,26.46,1,,2.75
2,2019-07-17 18:45:42,2019-07-17 18:55:28,N,1,75,237,2,1.82,9.0,1.0,0.5,1.0,0.0,0.0,0.3,14.55,1,,2.75
2,2019-07-17 19:09:21,2019-07-17 19:22:32,N,1,43,237,3,2.08,11.0,1.0,0.5,3.11,0.0,0.0,0.3,18.66,1,,2.75
2,2019-07-17 19:45:52,2019-07-17 20:19:15,N,1,75,217,2,8.89,30.5,1.0,0.5,1.0,0.0,0.0,0.3,36.05,1,,2.75
2,2019-07-17 20:29:59,2019-07-17 20:37:35,N,1,255,256,2,0.81,6.5,0.5,0.5,1.56,0.0,0.0,0.3,9.36,1,,0.0
2,2019-07-17 20:40:29,2019-07-17 20:51:57,N,1,255,112,2,1.51,9.0,0.5,0.5,0.08,0.0,0.0,0.3,10.38,1,,0.0
1,2019-07-17 21:47:44,2019-07-17 21:48:47,N,1,66,66,2,0.1,3.0,0.5,0.5,0.0,0.0,,0.3,4.3,5,1.0,0.0
2,2019-07-17 21:24:32,2019-07-17 21:49:17,N,1,255,181,3,4.86,20.0,0.5,0.5,0.0,0.0,0.0,0.3,21.3,2,,0.0
2,2019-07-17 22:17:52,2019-07-17 22:40:27,N,1,255,263,3,6.09,20.5,0.5,0.5,4.91,0.0,0.0,0.3,29.46,1,,2.75
2,2019-07-17 23:19:21,2019-07-17 23:25:51,N,1,112,112,2,0.57,5.5,0.5,0.5,1.7,0.0,0.0,0.3,8.5,1,,0.0
2,2019-07-18 00:57:57,2019-07-18 01:02:37,N,1,255,256,2,1.14,5.5,0.5,0.5,0.0,0.0,0.0,0.3,6.8,2,,0.0
2,2019-07-18 01:09:56,2019-07-18 01:13:34,N,1,255,80,2,0.87,4.5,0.5,0.5,0.0,0.0,0.0,0.3,5.8,2,,0.0
2,2019-07-18 15:26:05,2019-07-18 15:48:24,N,1,75,141,2,2.28,15.0,0.0,0.5,3.71,0.0,0.0,0.3,22.26,1,,2.75
2,2019-07-18 16:13:17,2019-07-18 16:21:57,N,1,75,236,2,1.24,7.5,1.0,0.5,2.41,0.0,0.0,0.3,14.46,1,,2.75
2,2019-07-18 16:37:56,2019-07-18 16:49:17,N,1,43,143,3,2.37,10.5,1.0,0.5,3.01,0.0,0.0,0.3,18.06,1,,2.75
1,2019-07-18 16:09:22,2019-07-18 16:52:46,N,5,69,143,1,6.9,0.0,0.0,0.0,0.0,0.0,,0.0,0.0,5,2.0,0.0
2,2019-07-18 17:11:14,2019-07-18 17:29:31,N,1,75,140,2,2.72,13.5,1.0,0.5,2.0,0.0,0.0,0.3,20.05,1,,2.75
2,2019-07-18 18:20:01,2019-07-18 18:45:20,N,1,75,179,2,6.1,22.0,1.0,0.5,6.64,0.0,0.0,0.3,33.19,1,,2.75
2,2019-07-18 20:00:22,2019-07-18 20:35:41,N,1,112,197,2,9.24,31.0,0.5,0.5,0.0,0.0,0.0,0.3,32.3,2,,0.0
2,2019-07-18 21:06:30,2019-07-18 21:33:43,N,1,112,230,2,5.49,22.0,0.5,0.5,7.82,0.0,0.0,0.3,33.87,1,,2.75
2,2019-07-18 22:02:33,2019-07-18 22:09:13,N,1,112,80,3,1.18,6.5,0.5,0.5,0.0,0.0,0.0,0.3,7.8,2,,0.0
2,2019-07-18 22:18:53,2019-07-18 22:31:33,N,1,112,33,2,5.54,17.5,0.5,0.5,3.76,0.0,0.0,0.3,22.56,1,,0.0
2,2019-07-18 23:18:08,2019-07-18 23:21:54,N,1,112,80,3,0.57,4.5,0.5,0.5,0.0,0.0,0.0,0.3,5.8,2,,0.0
2,2019-07-18 23:25:31,2019-07-18 23:27:58,N,1,255,256,3,0.4,3.5,0.5,0.5,0.96,0.0,0.0,0.3,5.76,1,,0.0
2,2019-07-18 23:39:28,2019-07-19 00:01:01,N,1,255,198,2,3.94,15.5,0.5,0.5,0.0,0.0,0.0,0.3,16.8,2,,0.0
2,2019-07-19 00:43:36,2019-07-19 00:49:17,N,1,112,145,2,1.55,7.0,0.5,0.5,2.08,0.0,0.0,0.3,10.38,1,,0.0
2,2019-07-19 00:56:51,2019-07-19 01:10:33,N,1,112,237,2,4.46,15.0,0.5,0.5,5.72,0.0,0.0,0.3,24.77,1,,2.75
2,2019-07-19 03:25:36,2019-07-19 03:29:02,N,1,255,112,1,0.99,5.0,0.5,0.5,0.0,0.0,0.0,0.3,6.3,2,,0.0
2,2019-07-19 18:10:09,2019-07-19 18:21:51,N,1,41,41,2,1.26,8.5,1.0,0.5,1.0,0.0,0.0,0.3,11.3,1,,0.0
2,2019-07-19 18:42:11,2019-07-19 18:50:22,N,1,75,74,3,1.34,7.5,1.0,0.5,1.86,0.0,0.0,0.3,11.16,1,,0.0
2,2019-07-19 19:03:01,2019-07-19 19:11:56,N,1,43,262,2,1.6,8.5,1.0,0.5,1.5,0.0,0.0,0.3,14.55,1,,2.75
2,2019-07-19 19:28:07,2019-07-19 19:35:16,N,1,43,263,2,1.06,6.5,1.0,0.5,2.0,0.0,0.0,0.3,13.05,1,,2.75
2,2019-07-19 19:41:01,2019-07-19 20:02:31,N,1,75,168,3,2.54,14.5,1.0,0.5,4.08,0.0,0.0,0.3,20.38,1,,0.0
2,2019-07-19 21:06:25,2019-07-19 21:12:16,N,1,255,256,3,0.96,6.0,0.5,0.5,0.0,0.0,0.0,0.3,7.3,2,,0.0
2,2019-07-19 21:21:30,2019-07-19 21:29:59,N,1,255,256,2,1.33,7.0,0.5,0.5,1.0,0.0,0.0,0.3,9.3,1,,0.0
2,2019-07-19 21:34:49,2019-07-19 21:39:55,N,1,256,255,2,0.75,5.0,0.5,0.5,1.26,0.0,0.0,0.3,7.56,1,,0.0
2,2019-07-19 22:11:31,2019-07-19 22:16:09,N,1,112,256,2,0.91,5.5,0.5,0.5,0.0,0.0,0.0,0.3,6.8,2,,0.0
2,2019-07-19 22:33:40,2019-07-19 23:03:54,N,1,112,239,2,5.95,23.5,0.5,0.5,6.89,0.0,0.0,0.3,34.44,1,,2.75
2,2019-07-20 00:47:32,2019-07-20 01:09:51,N,1,112,68,1,5.93,21.0,0.5,0.5,0.0,0.0,0.0,0.3,25.05,1,,2.75
2,2019-07-20 02:18:31,2019-07-20 02:23:04,N,1,256,217,2,0.69,5.0,0.5,0.5,0.0,0.0,0.0,0.3,6.3,2,,0.0
2,2019-07-20 02:54:28,2019-07-20 03:04:25,N,1,112,256,2,1.76,9.0,0.5,0.5,2.06,0.0,0.0,0.3,12.36,1,,0.0
2,2019-07-20 03:23:20,2019-07-20 03:39:17,N,1,112,236,2,5.57,18.0,0.5,0.5,0.0,0.0,0.0,0.3,22.05,2,,2.75
2,2019-07-20 17:37:05,2019-07-20 17:52:59,N,1,255,40,3,5.12,17.5,0.0,0.5,3.66,0.0,0.0,0.3,21.96,1,,0.0
2,2019-07-20 19:00:33,2019-07-20 19:03:29,N,1,112,112,2,0.27,4.0,0.0,0.5,1.2,0.0,0.0,0.3,6.0,1,,0.0
1,2019-07-20 20:44:18,2019-07-20 21:05:31,N,1,42,247,1,3.2,15.5,0.5,0.5,0.0,0.0,,0.3,16.8,5,1.0,0.0
2,2019-07-20 20:05:03,2019-07-20 20:25:45,N,1,255,36,2,2.86,14.5,0.5,0.5,3.16,0.0,0.0,0.3,18.96,1,,0.0
2,2019-07-20 21:25:39,2019-07-20 21:29:34,N,1,256,80,2,0.72,5.0,0.5,0.5,1.58,0.0,0.0,0.3,7.88,1,,0.0
2,2019-07-20 22:03:05,2019-07-20 22:22:21,N,1,112,79,2,4.47,17.5,0.5,0.5,4.31,0.0,0.0,0.3,25.86,1,,2.75
2,2019-07-20 22:40:09,2019-07-20 22:44:26,N,1,255,112,2,0.76,4.5,0.5,0.5,0.0,0.0,0.0,0.3,5.8,2,,0.0
2,2019-07-20 23:14:37,2019-07-20 23:25:21,N,1,112,255,2,1.75,9.5,0.5,0.5,0.0,0.0,0.0,0.3,10.8,2,,0.0
2,2019-07-21 01:33:40,2019-07-21 01:38:46,N,1,255,256,2,0.56,5.0,0.5,0.5,0.0,0.0,0.0,0.3,6.3,2,,0.0
2,2019-07-21 03:09:17,2019-07-21 03:13:23,N,1,112,112,2,0.87,5.0,0.5,0.5,1.26,0.0,0.0,0.3,7.56,1,,0.0
2,2019-07-21 03:19:48,2019-07-21 03:33:23,N,1,112,233,2,4.66,15.5,0.5,0.5,1.45,0.0,0.0,0.3,21.0,1,,2.75
2,2019-07-21 04:00:28,2019-07-21 04:03:35,N,1,256,255,2,0.52,4.0,0.5,0.5,0.0,0.0,0.0,0.3,5.3,2,,0.0
2,2019-07-21 04:05:30,2019-07-21 04:11:05,N,1,255,112,3,1.42,6.5,0.5,0.5,1.95,0.0,0.0,0.3,9.75,1,,0.0
2,2019-07-21 19:26:14,2019-07-21 19:46:46,N,1,112,13,2,7.65,24.5,0.0,0.5,5.61,0.0,0.0,0.3,33.66,1,,2.75
2,2019-07-21 20:44:25,2019-07-21 21:05:40,N,1,112,173,2,5.9,21.0,0.5,0.5,0.0,0.0,0.0,0.3,22.3,2,,0.0
2,2019-07-21 22:14:26,2019-07-21 22:20:06,N,1,112,255,2,0.77,5.5,0.5,0.5,1.36,0.0,1.95,0.3,10.11,1,,0.0
2,2019-07-21 22:31:01,2019-07-21 22:36:11,N,1,256,80,2,0.71,5.5,0.5,0.5,0.0,0.0,0.0,0.3,6.8,2,,0.0
2,2019-07-21 22:41:20,2019-07-21 22:48:42,N,1,256,37,2,1.65,7.5,0.5,0.5,0.0,0.0,0.0,0.3,8.8,2,,0.0
2,2019-07-21 22:59:34,2019-07-21 23:11:30,N,1,255,113,2,3.59,13.0,0.5,0.5,4.26,0.0,0.0,0.3,21.31,1,,2.75
2,2019-07-21 23:43:51,2019-07-21 23:49:19,N,1,256,112,2,1.04,6.0,0.5,0.5,2.19,0.0,0.0,0.3,9.49,1,,0.0
1,2019-07-22 12:08:37,2019-07-22 12:30:46,N,5,60,208,1,6.1,17.0,0.0,0.0,0.0,0.0,,0.0,17.0,5,2.0,0.0
2,2019-07-22 15:12:41,2019-07-22 15:46:48,N,1,75,186,3,5.96,27.0,0.0,0.5,0.0,0.0,0.0,0.3,30.55,2,,2.75
2,2019-07-22 16:21:10,2019-07-22 16:25:18,N,1,75,75,2,0.74,5.0,1.0,0.5,1.0,0.0,0.0,0.3,7.8,1,,0.0
2,2019-07-22 16:48:57,2019-07-22 16:56:20,N,1,43,237,2,1.52,7.5,1.0,0.5,0.0,0.0,0.0,0.3,12.05,2,,2.75
2,2019-07-22 17:05:11,2019-07-22 17:07:44,N,1,75,75,3,0.61,4.0,1.0,0.5,0.0,0.0,0.0,0.3,5.8,2,,0.0
2,2019-07-22 17:22:21,2019-07-22 17:25:38,N,1,43,238,2,0.72,4.5,1.0,0.5,1.26,0.0,0.0,0.3,7.56,1,,0.0
2,2019-07-22 17:58:57,2019-07-22 18:08:16,N,1,75,41,2,1.59,8.0,1.0,0.5,1.1,0.0,0.0,0.3,10.9,1,,0.0
2,2019-07-22 18:13:51,2019-07-22 18:18:54,N,1,75,238,2,0.83,5.5,1.0,0.5,2.01,0.0,0.0,0.3,12.06,1,,2.75
2,2019-07-22 18:28:38,2019-07-22 18:39:27,N,1,75,166,2,1.73,9.0,1.0,0.5,1.0,0.0,0.0,0.3,11.8,1,,0.0
2,2019-07-22 18:41:29,2019-07-22 18:52:58,N,1,166,75,2,2.26,10.0,1.0,0.5,0.0,0.0,0.0,0.3,11.8,2,,0.0
2,2019-07-22 19:12:07,2019-07-22 19:15:08,N,1,43,43,2,0.7,4.5,1.0,0.5,0.0,0.0,0.0,0.3,6.3,1,,0.0
2,2019-07-22 19:26:09,2019-07-22 19:42:56,N,1,43,137,3,4.69,15.5,1.0,0.5,2.5,0.0,0.0,0.3,22.55,1,,2.75
2,2019-07-22 20:24:48,2019-07-22 20:41:08,N,1,112,113,2,4.3,16.0,0.5,0.5,4.01,0.0,1.95,0.3,26.01,1,,2.75
2,2019-07-22 21:04:27,2019-07-22 21:09:29,N,1,255,112,2,1.38,6.0,0.5,0.5,0.0,0.0,0.0,0.3,7.3,2,,0.0
2,2019-07-22 21:51:27,2019-07-22 22:02:35,N,1,112,80,2,1.7,9.0,0.5,0.5,2.06,0.0,0.0,0.3,12.36,1,,0.0
2,2019-07-22 22:15:21,2019-07-22 22:22:07,N,1,255,80,2,1.2,6.5,0.5,0.5,0.0,0.0,0.0,0.3,7.8,2,,0.0
2,2019-07-22 23:00:17,2019-07-22 23:04:03,N,1,112,226,2,1.2,6.0,0.5,0.5,0.0,0.0,0.0,0.3,7.3,2,,0.0
1,2019-07-23 11:43:43,2019-07-23 11:59:56,N,5,248,185,2,2.7,10.0,0.0,0.0,0.0,0.0,,0.0,10.0,5,2.0,0.0
2,2019-07-23 15:43:54,2019-07-23 15:46:18,N,1,43,43,2,0.67,4.5,0.0,0.5,0.0,0.0,0.0,0.3,5.3,2,,0.0
2,2019-07-23 16:14:43,2019-07-23 16:18:06,N,1,75,74,2,1.01,5.0,1.0,0.5,1.0,0.0,0.0,0.3,7.8,1,,0.0
2,2019-07-23 16:52:16,2019-07-23 17:04:54,N,1,75,141,2,1.91,10.5,1.0,0.5,3.76,0.0,0.0,0.3,18.81,1,,2.75
2,2019-07-23 17:25:21,2019-07-23 17:32:25,N,1,43,238,2,1.14,7.0,1.0,0.5,0.0,0.0,0.0,0.3,8.8,2,,0.0
2,2019-07-23 17:45:09,2019-07-23 17:49:09,N,1,75,236,2,0.58,4.5,1.0,0.5,3.0,0.0,0.0,0.3,12.05,1,,2.75
2,2019-07-23 18:05:18,2019-07-23 18:09:59,N,1,43,238,3,1.17,6.0,1.0,0.5,2.34,0.0,0.0,0.3,10.14,1,,0.0
2,2019-07-23 18:36:51,2019-07-23 18:40:46,N,1,75,236,3,0.68,4.5,1.0,0.5,1.36,0.0,0.0,0.3,10.41,1,,2.75
2,2019-07-23 19:06:07,2019-07-23 19:12:20,N,1,43,238,2,1.26,6.5,1.0,0.5,2.21,0.0,0.0,0.3,13.26,1,,2.75
2,2019-07-23 19:37:02,2019-07-23 19:41:46,N,1,43,236,2,1.1,5.5,1.0,0.5,3.0,0.0,0.0,0.3,13.05,1,,2.75
1,2019-07-24 13:02:40,2019-07-24 13:24:14,N,5,168,60,2,2.9,12.0,0.0,0.0,0.0,0.0,,0.0,12.0,5,2.0,0.0
1,2019-07-24 16:40:04,2019-07-24 17:28:54,N,5,242,127,1,5.9,20.0,0.0,0.0,0.0,0.0,,0.0,20.0,5,2.0,0.0
2,2019-07-24 17:14:57,2019-07-24 17:21:44,N,1,75,43,2,0.86,6.0,1.0,0.5,1.95,0.0,0.0,0.3,9.75,1,,0.0
2,2019-07-24 17:38:47,2019-07-24 17:45:27,N,1,75,238,2,1.3,6.5,1.0,0.5,1.66,0.0,0.0,0.3,12.71,1,,2.75
2,2019-07-24 18:08:42,2019-07-24 18:22:34,N,1,43,237,2,2.05,11.0,1.0,0.5,3.11,0.0,0.0,0.3,18.66,1,,2.75
2,2019-07-24 18:42:45,2019-07-24 18:58:56,N,1,75,143,2,2.9,13.0,1.0,0.5,0.0,0.0,0.0,0.3,17.55,2,,2.75
2,2019-07-24 19:27:47,2019-07-24 19:41:38,N,1,43,166,2,2.43,12.0,1.0,0.5,2.0,0.0,0.0,0.3,15.8,1,,0.0
2,2019-07-24 20:06:31,2019-07-24 20:12:12,N,1,43,236,3,1.0,6.0,0.5,0.5,1.0,0.0,0.0,0.3,11.05,1,,2.75
2,2019-07-24 21:10:06,2019-07-24 21:21:13,N,1,226,157,3,3.06,11.5,0.5,0.5,0.0,0.0,0.0,0.3,12.8,1,,0.0
2,2019-07-24 23:46:28,2019-07-24 23:59:05,N,1,255,36,2,2.45,10.5,0.5,0.5,2.36,0.0,0.0,0.3,14.16,1,,0.0
2,2019-07-25 00:21:02,2019-07-25 00:32:06,N,1,112,79,2,4.28,14.0,0.5,0.5,0.0,0.0,0.0,0.3,18.05,2,,2.75
2,2019-07-25 16:10:48,2019-07-25 16:22:26,N,1,43,262,2,1.65,9.5,1.0,0.5,2.0,0.0,0.0,0.3,16.05,1,,2.75
2,2019-07-25 16:49:31,2019-07-25 17:12:45,N,1,43,161,2,2.77,16.0,1.0,0.5,0.0,0.0,0.0,0.3,20.55,2,,2.75
1,2019-07-25 17:37:49,2019-07-25 17:38:03,N,1,42,42,1,1.0,2.5,1.0,0.5,0.0,0.0,,0.3,4.3,5,1.0,0.0
2,2019-07-25 17:34:08,2019-07-25 17:48:57,N,1,75,262,2,4.4,15.5,1.0,0.5,4.01,0.0,0.0,0.3,24.06,1,,2.75
2,2019-07-25 18:53:10,2019-07-25 19:02:35,N,1,43,262,2,1.19,7.5,1.0,0.5,1.0,0.0,0.0,0.3,13.05,1,,2.75
2,2019-07-25 20:18:10,2019-07-25 20:44:51,N,1,112,62,2,4.72,19.5,0.5,0.5,4.16,0.0,0.0,0.3,24.96,1,,0.0
2,2019-07-25 21:33:58,2019-07-25 21:42:14,N,1,112,255,1,1.56,8.0,0.5,0.5,0.0,0.0,0.0,0.3,9.3,2,,0.0
2,2019-07-25 21:44:21,2019-07-25 22:04:41,N,1,255,231,2,5.0,18.5,0.5,0.5,4.51,0.0,0.0,0.3,27.06,1,,2.75
2,2019-07-25 23:02:50,2019-07-25 23:13:41,N,1,255,112,2,1.6,9.0,0.5,0.5,2.06,0.0,0.0,0.3,12.36,1,,0.0
2,2019-07-26 00:05:44,2019-07-26 00:21:01,N,1,256,61,2,3.32,13.5,0.5,0.5,2.96,0.0,0.0,0.3,17.76,1,,0.0
2,2019-07-26 00:38:16,2019-07-26 00:59:17,N,1,256,146,2,4.68,18.0,0.5,0.5,0.0,0.0,0.0,0.3,19.3,1,,0.0
2,2019-07-26 16:49:34,2019-07-26 16:58:37,N,1,43,151,2,1.45,8.0,1.0,0.5,0.0,0.0,0.0,0.3,9.8,2,,0.0
2,2019-07-26 17:02:51,2019-07-26 17:06:28,N,1,24,151,2,0.7,5.0,1.0,0.5,0.0,0.0,0.0,0.3,6.8,2,,0.0
2,2019-07-26 17:31:06,2019-07-26 17:33:43,N,1,43,236,2,0.69,4.0,1.0,0.5,1.28,0.0,0.0,0.3,9.83,1,,2.75
2,2019-07-26 18:21:36,2019-07-26 18:32:49,N,1,75,151,2,1.46,8.5,1.0,0.5,1.5,0.0,0.0,0.3,11.8,1,,0.0
2,2019-07-26 18:46:17,2019-07-26 19:15:54,N,1,75,69,2,3.53,18.5,1.0,0.5,0.0,0.0,0.0,0.3,20.3,2,,0.0
2,2019-07-26 21:40:54,2019-07-26 21:56:10,N,1,255,157,2,4.0,14.5,0.5,0.5,0.0,0.0,0.0,0.3,15.8,2,,0.0
2,2019-07-26 22:41:03,2019-07-26 22:55:23,N,1,255,170,2,3.71,14.0,0.5,0.5,4.76,5.76,0.0,0.3,28.57,1,,2.75
2,2019-07-26 23:39:06,2019-07-26 23:41:53,N,1,112,112,2,0.6,4.0,0.5,0.5,0.95,0.0,0.0,0.3,6.25,1,,0.0
2,2019-07-27 01:12:04,2019-07-27 01:32:48,N,1,255,233,2,5.04,18.5,0.5,0.5,3.45,0.0,0.0,0.3,26.0,1,,2.75
2,2019-07-27 02:35:13,2019-07-27 02:56:08,N,1,112,151,3,7.29,22.5,0.5,0.5,0.0,0.0,0.0,0.3,26.55,2,,2.75
2,2019-07-27 03:05:09,2019-07-27 03:15:05,N,1,166,244,2,2.51,9.5,0.5,0.5,0.0,0.0,0.0,0.3,10.8,2,,0.0
2,2019-07-27 03:33:42,2019-07-27 03:41:23,N,1,43,143,2,3.31,11.0,0.5,0.5,0.0,0.0,0.0,0.3,15.05,2,,2.75
2,2019-07-27 18:19:19,2019-07-27 18:41:12,N,1,112,144,2,3.98,18.0,0.0,0.5,0.0,0.0,0.0,0.3,21.55,2,,2.75
2,2019-07-27 19:06:41,2019-07-27 19:29:23,N,1,255,79,2,3.06,16.0,0.0,0.5,3.91,0.0,0.0,0.3,23.46,1,,2.75
2,2019-07-27 20:45:56,2019-07-27 21:21:14,N,1,255,246,2,5.33,25.0,0.5,0.5,5.81,0.0,0.0,0.3,34.86,1,,2.75
2,2019-07-27 21:55:09,2019-07-27 22:13:16,N,1,256,113,2,3.08,14.5,0.5,0.5,3.71,0.0,0.0,0.3,22.26,1,,2.75
2,2019-07-27 22:34:22,2019-07-27 22:44:14,N,1,256,112,2,1.34,8.0,0.5,0.5,0.0,0.0,0.0,0.3,9.3,2,,0.0
2,2019-07-27 23:15:15,2019-07-27 23:29:42,N,1,255,36,2,2.47,11.0,0.5,0.5,0.0,0.0,0.0,0.3,12.3,2,,0.0
2,2019-07-27 23:46:38,2019-07-28 00:14:12,N,1,255,113,2,4.34,20.0,0.5,0.5,4.81,0.0,0.0,0.3,28.86,1,,2.75
2,2019-07-28 01:30:11,2019-07-28 01:41:23,N,1,255,17,2,2.73,10.5,0.5,0.5,2.36,0.0,0.0,0.3,14.16,1,,0.0
2,2019-07-28 01:59:15,2019-07-28 02:12:34,N,1,112,263,2,4.98,16.0,0.5,0.5,4.01,0.0,0.0,0.3,24.06,1,,2.75
2,2019-07-28 02:48:53,2019-07-28 03:13:36,N,1,256,48,2,6.61,23.0,0.5,0.5,5.41,0.0,0.0,0.3,32.46,1,,2.75
2,2019-07-28 03:43:59,2019-07-28 04:04:07,N,1,256,198,2,3.74,15.5,0.5,0.5,3.36,0.0,0.0,0.3,20.16,1,,0.0
2,2019-07-28 17:04:09,2019-07-28 17:11:59,N,1,74,263,2,2.03,8.5,0.0,0.5,2.0,0.0,0.0,0.3,14.05,1,,2.75
2,2019-07-28 17:42:10,2019-07-28 17:46:18,N,1,255,256,2,0.95,5.0,0.0,0.5,0.0,0.0,0.0,0.3,5.8,2,,0.0
2,2019-07-28 18:00:27,2019-07-28 18:38:03,N,1,112,165,1,12.88,39.0,0.0,0.5,7.96,0.0,0.0,0.3,47.76,1,,0.0
2,2019-07-28 19:58:46,2019-07-28 20:13:23,N,1,255,36,2,2.51,11.5,0.0,0.5,2.46,0.0,0.0,0.3,14.76,1,,0.0
2,2019-07-28 20:33:25,2019-07-28 20:56:58,N,1,112,116,2,11.91,33.5,0.5,0.5,8.11,5.76,0.0,0.3,48.67,1,,0.0
2,2019-07-28 21:20:18,2019-07-28 21:37:09,N,1,43,186,2,4.2,15.5,0.5,0.5,3.91,0.0,0.0,0.3,23.46,1,,2.75
2,2019-07-28 23:00:53,2019-07-28 23:04:03,N,1,255,256,2,0.83,4.5,0.5,0.5,1.16,0.0,0.0,0.3,6.96,1,,0.0
2,2019-07-28 23:47:28,2019-07-28 23:51:02,N,1,112,255,2,0.88,5.0,0.5,0.5,0.0,0.0,0.0,0.3,6.3,2,,0.0
2,2019-07-29 00:00:32,2019-07-29 00:13:57,N,1,256,37,2,2.66,11.0,0.5,0.5,2.46,0.0,0.0,0.3,14.76,1,,0.0
2,2019-07-29 15:59:39,2019-07-29 16:24:35,N,1,75,164,2,3.75,18.0,1.0,0.5,4.51,0.0,0.0,0.3,27.06,1,,2.75
2,2019-07-29 17:02:01,2019-07-29 17:08:30,N,1,43,236,2,1.39,7.0,1.0,0.5,2.31,0.0,0.0,0.3,13.86,1,,2.75
2,2019-07-29 17:25:51,2019-07-29 17:31:30,N,1,75,263,2,0.69,5.5,1.0,0.5,0.0,0.0,0.0,0.3,10.05,2,,2.75
2,2019-07-29 17:41:34,2019-07-29 17:46:13,N,1,43,263,2,1.27,6.0,1.0,0.5,1.06,0.0,0.0,0.3,11.61,1,,2.75
2,2019-07-29 18:12:28,2019-07-29 18:22:39,N,1,75,143,2,2.39,10.0,1.0,0.5,2.18,0.0,0.0,0.3,16.73,1,,2.75
2,2019-07-29 18:51:17,2019-07-29 18:58:04,N,1,75,236,2,1.23,7.0,1.0,0.5,2.31,0.0,0.0,0.3,13.86,1,,2.75
2,2019-07-29 19:25:45,2019-07-29 19:35:28,N,1,43,142,2,2.64,10.0,1.0,0.5,2.0,0.0,0.0,0.3,16.55,1,,2.75
2,2019-07-29 19:51:44,2019-07-29 19:56:20,N,1,145,226,2,1.0,5.5,1.0,0.5,0.0,0.0,0.0,0.3,7.3,2,,0.0
2,2019-07-29 21:08:51,2019-07-29 21:14:42,N,1,255,112,2,1.25,6.5,0.5,0.5,0.0,0.0,0.0,0.3,7.8,2,,0.0
2,2019-07-29 22:05:33,2019-07-29 22:11:01,N,1,112,226,2,1.18,6.5,0.5,0.5,0.0,0.0,0.0,0.3,7.8,2,,0.0
1,2019-07-30 19:35:20,2019-07-30 19:55:19,N,5,146,196,1,5.0,0.0,0.0,0.0,0.0,0.0,,0.0,0.0,5,2.0,0.0
1,2019-01-03 14:37:28,2019-01-03 14:39:22,N,1,41,42,1,0.3,3.5,0.0,0.5,0.0,0.0,,0.3,4.3,5,1.0,
1,2019-01-03 18:57:50,2019-01-03 18:58:18,N,1,260,260,1,0.1,2.5,1.0,0.5,0.0,0.0,,0.3,4.3,5,1.0,
1,2019-01-07 12:08:10,2019-01-07 12:26:57,N,5,159,248,1,4.7,15.0,0.0,0.0,0.0,0.0,,0.0,15.0,5,2.0,
1,2019-01-09 09:53:08,2019-01-09 09:53:22,N,5,196,196,1,1.0,0.0,0.0,0.0,0.0,0.0,,0.0,0.0,5,2.0,
1,2019-01-09 11:06:44,2019-01-09 11:25:22,N,5,242,126,2,4.9,12.0,0.0,0.0,0.0,0.0,,0.0,12.0,5,2.0,
1,2019-01-10 14:46:02,2019-01-10 15:01:40,N,5,213,78,1,3.3,0.0,0.0,0.0,0.0,0.0,,0.0,0.0,5,2.0,
1,2019-01-10 17:48:09,2019-01-10 18:15:11,N,5,136,242,3,3.2,0.0,0.0,0.0,0.0,0.0,,0.0,0.0,5,2.0,
1,2019-01-11 12:48:31,2019-01-11 12:55:52,N,1,41,42,2,1.3,7.5,0.0,0.5,0.0,0.0,,0.3,8.3,5,1.0,
1,2019-01-12 15:05:22,2019-01-12 15:05:55,N,1,97,97,1,0.3,2.5,0.0,0.5,0.0,0.0,,0.3,3.3,5,1.0,
1,2019-01-13 11:36:41,2019-01-13 11:37:06,N,1,256,256,1,11.2,2.5,0.0,0.5,0.0,0.0,,0.3,3.3,5,1.0,
1,2019-01-14 17:20:00,2019-01-14 17:45:28,N,5,3,242,1,3.7,0.0,0.0,0.0,0.0,0.0,,0.0,0.0,5,2.0,
1,2019-01-15 12:27:51,2019-01-15 12:28:01,N,1,218,218,1,15.9,2.5,0.0,0.5,0.0,0.0,,0.3,3.3,5,1.0,
1,2019-01-15 17:04:26,2019-01-15 17:18:50,N,5,242,78,1,2.5,12.0,0.0,0.0,0.0,0.0,,0.0,12.0,5,2.0,
1,2019-01-16 02:59:26,2019-01-16 03:08:44,N,1,149,29,1,2.3,10.0,0.5,0.5,0.0,0.0,,0.3,11.3,5,1.0,
1,2019-01-18 14:44:27,2019-01-18 15:09:37,N,5,247,126,3,2.6,0.0,0.0,0.0,0.0,0.0,,0.0,0.0,5,2.0,
1,2019-01-19 19:32:45,2019-01-19 19:37:02,N,1,116,152,1,0.8,5.0,0.0,0.5,0.0,0.0,,0.3,5.8,5,1.0,
1,2019-01-19 20:20:37,2019-01-19 20:23:42,N,1,42,74,1,0.8,4.5,0.5,0.5,0.0,0.0,,0.3,5.8,5,1.0,
1,2019-01-20 16:25:49,2019-01-20 16:27:49,N,1,74,42,1,0.5,3.5,0.0,0.5,0.0,0.0,,0.3,4.3,5,1.0,
1,2019-01-21 18:38:24,2019-01-21 18:41:11,N,1,75,74,3,0.6,4.5,0.0,0.5,0.0,0.0,,0.3,5.3,5,1.0,
1,2019-01-23 11:01:28,2019-01-23 11:25:59,N,5,208,174,1,7.0,15.0,0.0,0.0,0.0,0.0,,0.0,15.0,5,2.0,
1,2019-01-25 10:20:31,2019-01-25 10:28:25,N,5,168,168,2,1.1,8.0,0.0,0.0,0.0,0.0,,0.0,8.0,5,2.0,
1,2019-01-25 11:46:11,2019-01-25 12:01:36,N,5,185,20,2,3.0,10.0,0.0,0.0,0.0,0.0,,0.0,10.0,5,2.0,
1,2019-01-26 15:18:15,2019-01-26 15:41:48,N,5,18,69,3,4.1,0.0,0.0,0.0,0.0,0.0,,0.0,0.0,5,2.0,
1,2019-01-30 14:03:26,2019-01-30 14:11:03,N,1,74,41,1,0.6,6.5,0.0,0.5,0.0,0.0,,0.3,7.3,5,1.0,0.0
1,2019-01-31 16:04:41,2019-01-31 16:18:24,N,5,3,185,1,0.4,8.0,0.0,0.0,0.0,0.0,,0.0,8.0,5,2.0,0.0
1,2019-12-06 10:37:18,2019-12-06 10:37:44,N,1,226,226,1,0.1,2.5,0.0,0.5,0.0,0.0,,0.3,3.3,5,1.0,0.0
1,2019-12-08 17:35:19,2019-12-08 18:19:48,N,1,255,161,1,7.1,31.0,2.75,0.5,0.0,0.0,,0.3,34.55,5,1.0,2.75
1,2019-12-10 14:49:02,2019-12-10 15:23:59,N,5,41,174,3,10.6,30.0,0.0,0.0,0.0,2.8,,0.0,32.8,5,2.0,0.0
1,2019-12-11 19:40:25,2019-12-11 19:47:01,N,1,244,244,1,0.4,5.5,1.0,0.5,0.0,0.0,,0.3,7.3,5,1.0,0.0
1,2019-12-25 19:17:56,2019-12-25 19:24:11,N,1,112,145,1,1.7,7.5,0.0,0.5,0.0,0.0,,0.3,8.3,5,1.0,0.0
1,2019-12-27 03:55:51,2019-12-27 03:59:02,N,1,116,116,2,0.4,4.0,0.5,0.5,0.0,0.0,,0.3,5.3,5,1.0,0.0
1,2019-12-31 21:29:23,2019-12-31 21:55:11,Y,1,89,107,1,10.4,32.0,0.5,0.5,0.0,0.0,,,33.0,2,,
1,2019-03-01 17:27:29,2019-03-01 17:44:30,N,1,25,17,1,2.2,12.0,1.0,0.5,0.0,0.0,,0.3,13.8,5,1.0,0.0
1,2019-03-09 16:49:27,2019-03-09 16:52:33,N,1,82,82,1,0.3,4.0,0.0,0.5,0.0,0.0,,0.3,4.8,5,1.0,0.0
1,2019-03-11 13:08:01,2019-03-11 13:09:14,N,1,81,81,1,0.1,3.0,0.0,0.5,0.0,0.0,,0.3,3.8,5,1.0,0.0
1,2019-03-13 10:11:31,2019-03-13 10:40:29,N,1,39,17,1,6.3,23.0,0.0,0.5,0.0,0.0,,0.3,23.8,5,1.0,0.0
1,2019-03-20 14:02:41,2019-03-20 14:14:22,N,1,260,82,1,2.0,10.0,0.0,0.5,0.0,0.0,,0.3,10.8,5,1.0,0.0
1,2019-03-20 14:01:09,2019-03-20 14:33:18,N,5,244,126,1,4.2,15.0,0.0,0.0,0.0,0.0,,0.0,15.0,5,2.0,0.0
1,2019-03-20 15:54:34,2019-03-20 16:27:59,N,5,244,248,3,5.4,15.0,0.0,0.0,0.0,0.0,,0.0,15.0,5,2.0,0.0
1,2019-03-20 17:15:12,2019-03-20 17:20:44,N,1,166,152,1,1.1,6.0,1.0,0.5,0.0,0.0,,0.3,7.8,5,1.0,0.0
1,2019-03-21 09:03:31,2019-03-21 09:59:34,N,1,123,75,1,17.4,52.5,2.75,0.5,0.0,5.76,,0.3,61.81,5,1.0,2.75
1,2019-03-21 23:38:09,2019-03-21 23:49:33,N,1,255,17,1,2.0,9.5,0.5,0.5,0.0,0.0,,0.3,10.8,5,1.0,0.0
1,2019-03-31 09:58:33,2019-03-31 10:23:24,N,1,28,265,1,18.9,50.5,0.0,0.5,0.0,0.0,,0.3,51.3,5,1.0,0.0
1,2020-07-25 18:39:58,2020-07-25 18:52:51,N,1,116,42,1,1.8,10.0,0.5,0.5,0.0,0.0,,0.3,11.3,5,1.0,0.0
1,2020-07-28 11:53:43,2020-07-28 12:02:51,Y,1,210,154,1,1.6,8.5,0.0,0.5,0.0,0.0,,0.3,9.3,5,1.0,0.0
1,2020-12-27 20:58:13,2020-12-27 21:17:51,N,1,14,195,1,6.8,22.5,0.5,0.5,0.0,0.0,,0.3,23.8,5,1.0,0.0
1,2020-02-03 11:18:03,2020-02-03 11:45:57,N,5,159,47,1,3.5,12.0,0.0,0.0,0.0,0.0,,0.0,12.0,5,2.0,0.0
1,2020-02-03 13:25:14,2020-02-03 13:34:36,N,1,42,166,1,1.4,8.0,0.0,0.5,0.0,0.0,,0.3,8.8,5,1.0,0.0
1,2020-02-07 07:32:15,2020-02-07 07:49:47,N,1,58,32,2,3.6,14.0,0.0,0.5,0.0,0.0,,0.3,14.8,5,1.0,0.0
1,2020-02-11 13:38:56,2020-02-11 14:29:26,N,5,119,242,1,5.8,15.0,0.0,0.0,0.0,0.0,,0.0,15.0,5,2.0,0.0
1,2020-02-14 14:04:11,2020-02-14 14:04:24,N,1,244,244,1,6.8,2.5,0.0,0.5,0.0,0.0,,0.3,3.3,5,1.0,0.0
1,2020-02-18 14:19:56,2020-02-18 14:40:55,N,5,242,94,1,3.6,13.0,0.0,0.0,0.0,0.0,,0.0,13.0,5,2.0,0.0
1,2020-02-18 18:13:31,2020-02-18 18:21:16,N,5,31,3,1,1.1,0.0,0.0,0.0,0.0,0.0,,0.0,0.0,5,2.0,0.0
1,2020-02-19 15:28:33,2020-02-19 15:53:27,N,5,242,235,1,4.2,15.0,0.0,0.0,0.0,0.0,,0.0,15.0,5,2.0,0.0
1,2020-02-24 11:03:40,2020-02-24 11:31:24,N,1,42,263,1,3.7,18.5,2.75,0.5,0.0,0.0,,0.3,22.05,5,1.0,2.75
1,2020-02-24 15:28:20,2020-02-24 15:59:40,N,5,220,60,1,7.8,20.0,0.0,0.0,0.0,0.0,,0.0,20.0,5,2.0,0.0
1,2020-02-24 16:55:23,2020-02-24 17:13:55,N,5,242,20,1,3.0,12.0,0.0,0.0,0.0,0.0,,0.0,12.0,5,2.0,0.0
1,2020-02-24 19:07:46,2020-02-24 19:08:00,N,1,236,236,1,0.8,2.5,1.0,0.5,0.0,0.0,,0.3,4.3,5,1.0,0.0
1,2020-02-25 08:48:25,2020-02-25 08:54:46,N,1,166,41,1,1.0,6.5,0.0,0.5,0.0,0.0,,0.3,7.3,5,1.0,0.0
1,2020-02-29 04:57:49,2020-02-29 05:35:14,N,1,7,21,2,15.6,44.5,0.5,0.5,0.0,0.0,,0.3,45.8,5,1.0,0.0
1,2019-02-01 19:18:50,2019-02-01 19:31:28,N,1,65,61,1,2.0,7.0,1.0,0.5,0.0,0.0,,0.3,8.8,5,1.0,0.0
1,2019-02-02 21:53:00,2019-02-02 22:16:56,N,1,210,123,1,1.5,15.5,0.5,0.5,0.0,0.0,,0.3,16.8,5,1.0,0.0
1,2019-02-03 21:17:50,2019-02-03 21:46:24,N,1,166,82,1,8.6,28.5,0.5,0.5,0.0,5.76,,0.3,35.56,5,1.0,0.0
1,2019-02-04 16:06:31,2019-02-04 16:33:50,N,1,60,60,2,1.6,16.5,0.0,0.5,0.0,0.0,,0.3,17.3,5,1.0,0.0
1,2019-02-06 09:42:39,2019-02-06 10:04:15,N,5,247,242,1,8.3,14.0,0.0,0.0,0.0,0.0,,0.0,14.0,5,2.0,0.0
1,2019-02-06 16:42:57,2019-02-06 17:05:22,N,1,41,238,2,2.6,15.5,3.75,0.5,0.0,0.0,,0.3,20.05,5,1.0,2.75
1,2019-02-06 18:07:37,2019-02-06 18:07:53,N,1,75,75,1,1.5,2.5,1.0,0.5,0.0,0.0,,0.3,4.3,5,1.0,0.0
1,2019-02-07 12:46:49,2019-02-07 13:16:47,N,5,116,3,1,9.2,25.0,0.0,0.0,0.0,0.0,,0.0,25.0,5,2.0,0.0
1,2019-02-08 12:11:23,2019-02-08 12:35:16,N,5,94,208,1,7.1,0.0,0.0,0.0,0.0,0.0,,0.0,0.0,5,2.0,0.0
1,2019-02-08 13:43:07,2019-02-08 14:24:12,N,1,220,137,1,12.7,39.0,0.0,0.5,0.0,0.0,,0.3,39.8,5,1.0,2.75
1,2019-02-09 10:58:27,2019-02-09 11:14:38,N,1,95,95,1,1.8,12.0,0.0,0.5,0.0,0.0,,0.3,12.8,5,1.0,0.0
1,2019-02-09 15:32:23,2019-02-09 15:46:57,N,1,20,259,1,4.9,0.0,0.0,0.0,0.0,0.0,,0.0,0.0,5,2.0,0.0
1,2019-02-12 13:51:37,2019-02-12 14:20:28,N,5,242,169,2,3.8,15.0,0.0,0.0,0.0,0.0,,0.0,15.0,5,2.0,0.0
1,2019-02-14 13:46:09,2019-02-14 14:08:06,N,1,33,181,1,2.6,15.0,0.0,0.5,0.0,0.0,,0.3,15.8,5,1.0,0.0
1,2019-02-14 15:09:03,2019-02-14 15:25:23,N,5,126,242,1,4.4,0.0,0.0,0.0,0.0,0.0,,0.0,0.0,5,2.0,0.0
1,2019-02-15 10:38:15,2019-02-15 10:39:07,N,1,75,75,1,0.1,2.5,0.0,0.5,0.0,0.0,,0.3,3.3,5,1.0,0.0
1,2019-02-15 13:55:59,2019-02-15 14:02:04,N,1,97,49,1,1.0,6.5,0.0,0.5,0.0,0.0,,0.3,7.3,5,1.0,0.0
1,2019-02-15 15:22:53,2019-02-15 16:03:18,N,1,244,141,1,8.6,32.5,2.75,0.5,0.0,0.0,,0.3,36.05,5,1.0,2.75
1,2019-02-19 11:02:39,2019-02-19 11:39:31,N,5,168,242,2,6.9,15.0,0.0,0.0,0.0,0.0,,0.0,15.0,5,2.0,0.0
1,2019-02-19 12:34:01,2019-02-19 17:18:47,N,1,134,134,3,23.6,172.5,2.75,0.5,0.0,0.0,,0.3,176.05,5,1.0,2.75
1,2019-02-19 15:37:50,2019-02-19 15:39:39,N,1,75,236,1,0.2,3.5,0.5,0.5,0.0,0.0,,0.3,4.8,5,1.0,0.0
1,2019-02-22 14:58:23,2019-02-22 14:58:45,Y,1,145,145,1,1.8,2.5,0.0,0.5,0.0,0.0,,0.3,3.3,5,1.0,0.0
1,2019-02-26 09:01:55,2019-02-26 09:15:00,N,1,17,61,1,1.5,9.5,0.0,0.5,0.0,0.0,,0.3,10.3,5,1.0,0.0
1,2019-02-26 12:59:48,2019-02-26 13:27:24,N,1,41,246,2,6.5,25.0,2.75,0.5,0.0,0.0,,0.3,28.55,5,1.0,2.75
1,2019-02-26 15:45:47,2019-02-26 15:59:42,N,1,65,17,3,2.0,11.0,1.0,0.5,0.0,0.0,,0.3,12.8,5,1.0,0.0
1,2019-02-26 17:35:26,2019-02-26 18:12:50,N,1,75,95,2,11.4,36.0,1.0,0.5,0.0,5.76,,0.3,43.56,5,1.0,0.0
1,2019-02-26 18:31:03,2019-02-26 18:38:00,N,1,160,102,2,1.1,6.5,1.0,0.5,0.0,0.0,,0.3,8.3,5,1.0,0.0
1,2019-02-28 13:45:59,2019-02-28 13:55:06,N,1,42,74,1,1.4,8.0,0.0,0.5,0.0,0.0,,0.3,8.8,5,1.0,0.0
1,2019-02-28 14:20:24,2019-02-28 14:27:47,N,1,168,168,1,1.1,6.5,0.0,0.5,0.0,0.0,,0.3,7.3,5,1.0,0.0
1,2019-02-28 17:23:36,2019-02-28 18:23:00,N,1,244,19,1,17.2,52.5,1.0,0.5,0.0,5.76,,0.3,60.06,5,1.0,0.0
1,2019-02-28 18:44:55,2019-02-28 19:11:57,N,1,101,264,2,6.2,23.0,1.0,0.5,0.0,0.0,,0.3,24.8,5,1.0,0.0
1,2019-02-28 20:45:27,2019-02-28 20:50:16,N,1,39,39,1,1.1,5.5,0.5,0.5,0.0,0.0,,0.3,6.8,5,1.0,0.0
1,2019-11-01 03:27:07,2019-11-01 03:27:10,N,1,173,173,1,1.0,2.5,0.5,0.5,0.0,0.0,,0.3,3.8,5,1.0,0.0
1,2019-11-01 12:45:03,2019-11-01 13:04:46,N,5,60,185,1,4.1,14.0,0.0,0.0,0.0,0.0,,0.0,14.0,5,2.0,0.0
1,2019-11-07 16:37:49,2019-11-07 16:38:29,N,5,196,196,1,0.1,0.0,0.0,0.0,0.0,0.0,,0.0,0.0,5,2.0,0.0
1,2019-11-07 16:39:00,2019-11-07 16:39:13,N,3,196,196,2,0.1,20.0,1.0,0.0,0.0,0.0,,0.3,21.3,5,1.0,0.0
1,2019-11-16 01:45:22,2019-11-16 01:50:07,N,1,80,255,1,0.9,5.5,0.5,0.5,0.0,0.0,,0.3,6.8,5,1.0,0.0
1,2019-11-26 09:29:09,2019-11-26 09:29:13,N,1,42,42,1,0.8,2.5,0.0,0.5,0.0,0.0,,0.3,3.3,5,1.0,0.0
1,2019-11-30 03:48:30,2019-11-30 03:51:54,N,1,129,260,1,0.9,5.0,0.5,0.5,0.0,0.0,,0.3,6.3,5,1.0,0.0
1,2020-05-02 16:34:38,2020-05-02 16:41:59,N,1,74,42,1,1.5,7.5,1.0,0.5,0.0,0.0,,0.3,9.3,5,1.0,0.0
1,2020-05-13 20:17:29,2020-05-13 20:26:03,Y,1,41,141,1,2.3,9.5,3.25,0.5,0.0,0.0,,0.3,13.55,5,1.0,2.75
1,2020-09-26 02:37:39,2020-09-26 02:38:40,N,1,227,228,1,0.1,3.0,0.5,0.5,0.0,0.0,,0.3,4.3,5,1.0,0.0
1,2019-10-08 09:17:26,2019-10-08 09:39:51,N,1,243,18,1,2.3,15.0,0.0,0.5,0.0,0.0,,0.3,15.8,5,1.0,0.0
1,2019-10-08 09:43:46,2019-10-08 09:44:25,N,1,242,242,2,6.9,26.0,0.0,0.5,0.0,0.0,,0.3,26.8,5,1.0,0.0
1,2019-10-09 16:43:14,2019-10-09 16:58:04,N,1,116,74,1,3.0,13.0,1.0,0.5,0.0,0.0,,0.3,14.8,5,1.0,0.0
1,2019-10-12 04:14:27,2019-10-12 04:24:59,N,1,225,225,1,1.3,8.5,0.5,0.5,0.0,0.0,,0.3,9.8,5,1.0,0.0
1,2019-10-15 14:26:51,2019-10-15 14:52:08,N,1,119,259,1,7.9,26.5,0.0,0.5,0.0,0.0,,0.3,27.3,5,1.0,0.0
1,2019-10-19 10:39:04,2019-10-19 11:21:41,N,1,195,48,2,8.5,32.0,2.75,0.5,0.0,0.0,,0.3,35.55,5,1.0,2.75
1,2019-10-19 12:04:21,2019-10-19 13:49:22,N,1,134,95,2,19.0,82.0,2.75,0.5,0.0,6.12,,0.3,91.67,5,1.0,2.75
1,2019-10-26 09:08:51,2019-10-26 09:46:26,N,1,195,230,2,10.7,34.0,2.75,0.5,0.0,0.0,,0.3,37.55,5,1.0,2.75
1,2019-10-26 20:43:34,2019-10-26 20:54:25,N,1,236,142,1,2.2,10.0,3.25,0.5,0.0,0.0,,0.3,14.05,5,1.0,2.75
1,2019-10-28 11:55:09,2019-10-28 12:05:22,N,5,168,159,1,1.5,10.0,0.0,0.0,0.0,0.0,,0.0,10.0,5,2.0,0.0
1,2019-10-28 15:00:40,2019-10-28 15:22:54,N,1,85,77,1,3.8,17.0,0.0,0.5,0.0,0.0,,0.3,17.8,5,1.0,0.0
1,2019-10-29 17:30:59,2019-10-29 17:42:39,N,1,166,152,1,1.4,9.0,1.0,0.5,0.0,0.0,,0.3,10.8,5,1.0,0.0
1,2019-10-30 14:44:27,2019-10-30 14:58:28,N,1,152,243,1,2.4,11.5,0.0,0.5,0.0,0.0,,0.3,12.3,5,1.0,0.0
1,2019-10-31 16:16:56,2019-10-31 16:31:12,N,5,82,82,2,0.5,0.0,0.0,0.0,0.0,0.0,,0.0,0.0,5,2.0,0.0
